[218月2026 09:25:48.894] [main/INFO] [cpw.mods.modlauncher.Launcher/MODLAUNCHER]: ModLauncher running: args [--username, ke1_bi3, --version, 1145141, --gameDir, C:\Desktop\.minecraft\versions\1145141, --assetsDir, C:\Desktop\.minecraft\assets, --assetIndex, 17, --uuid, 49a89b347cf94f76ba2936d790dbf32d, --accessToken, ❄❄❄❄❄❄❄❄, --clientId, ${clientid}, --xuid, ${auth_xuid}, --userType, msa, --versionType, PCL, --width, 854, --height, 480, --fml.neoForgeVersion, 21.1.248, --fml.fmlVersion, 4.0.43, --fml.mcVersion, 1.21.1, --fml.neoFormVersion, 20240808.144430, --launchTarget, forgeclient]
[218月2026 09:25:48.901] [main/INFO] [cpw.mods.modlauncher.Launcher/MODLAUNCHER]: JVM identified as Microsoft OpenJDK 64-Bit Server VM 21.0.7+6-LTS
[218月2026 09:25:48.907] [main/INFO] [cpw.mods.modlauncher.Launcher/MODLAUNCHER]: ModLauncher 11.0.5+main.901c6ea8 starting: java version 21.0.7 by Microsoft; OS Windows 10 arch amd64 version 10.0
[218月2026 09:25:49.767] [main/INFO] [Sodium-GraphicsAdapterProbe/]: Searching for graphics cards...
[218月2026 09:25:51.184] [main/INFO] [Sodium-GraphicsAdapterProbe/]: Found graphics adapter: AdapterInfo{vendor=INTEL, description='Intel(R) HD Graphics 620', adapterType=0x0000032B, openglIcdFilePath='C:\Windows\System32\DriverStore\FileRepository\igdlh64.inf_amd64_4f8de18921295e41\ig9icd64.dll', openglIcdVersion=23.20.16.4905}
[218月2026 09:25:51.185] [main/INFO] [Sodium-GraphicsAdapterProbe/]: Found graphics adapter: AdapterInfo{vendor=NVIDIA, description='NVIDIA GeForce 940MX', adapterType=0x00000311, openglIcdFilePath='C:\Windows\System32\DriverStore\FileRepository\nvlti.inf_amd64_0ca5a5a7c177877a\nvoglv64.dll', openglIcdVersion=32.0.15.8266}
[218月2026 09:25:51.194] [main/WARN] [Sodium-Workarounds/]: Sodium has applied one or more workarounds to prevent crashes or other issues on your system: [NVIDIA_THREADED_OPTIMIZATIONS_BROKEN]
[218月2026 09:25:51.195] [main/WARN] [Sodium-Workarounds/]: This is not necessarily an issue, but it may result in certain features or optimizations being disabled. You can sometimes fix these issues by upgrading your graphics driver.
[218月2026 09:25:51.196] [main/INFO] [Sodium-NvidiaWorkarounds/]: Modifying process environment to apply workarounds for the NVIDIA graphics driver...
[218月2026 09:25:51.200] [main/INFO] [net.neoforged.fml.loading.ImmediateWindowHandler/]: Loading ImmediateWindowProvider fmlearlywindow
[218月2026 09:25:51.497] [main/INFO] [EARLYDISPLAY/]: Trying GL version 4.6
[218月2026 09:25:53.202] [main/INFO] [EARLYDISPLAY/]: Requested GL version 4.6 got version 4.6
[218月2026 09:25:53.535] [main/INFO] [mixin/]: SpongePowered MIXIN Subsystem Version=0.8.7 Source=union:/C:/Desktop/.minecraft/libraries/net/fabricmc/sponge-mixin/0.15.2+mixin.0.8.7/sponge-mixin-0.15.2+mixin.0.8.7.jar%23175!/ Service=ModLauncher Env=CLIENT
[218月2026 09:25:54.592] [pool-2-thread-1/INFO] [EARLYDISPLAY/]: GL info: NVIDIA GeForce 940MX/PCIe/SSE2 GL version 4.6.0 NVIDIA 582.66, NVIDIA Corporation
[218月2026 09:25:54.651] [main/INFO] [net.neoforged.fml.loading.moddiscovery.ModDiscoverer/SCAN]: Found mod file "client-1.21.1-20240808.144430-srg.jar" [locator: production client provider +net.neoforged:neoforge:21.1.248:client]
[218月2026 09:25:54.711] [main/INFO] [net.neoforged.fml.loading.moddiscovery.ModDiscoverer/SCAN]: Found mod file "neoforge-21.1.248-universal.jar" [locator: PathBasedLocator[name=neoforge, paths=[C:\Desktop\.minecraft\libraries\net\neoforged\neoforge\21.1.248\neoforge-21.1.248-universal.jar]], reader: mod manifest]
[218月2026 09:25:54.784] [main/INFO] [net.neoforged.fml.loading.moddiscovery.ModDiscoverer/SCAN]: Found mod file "net.caffeinemc.sodium-neoforge-0.8.13-beta.2+mc1.21.1-mod.jar" [locator: net.caffeinemc.mods.sodium.service.SodiumServiceModLocator@6b9c69a9, reader: mod manifest]
[218月2026 09:25:54.814] [main/INFO] [net.neoforged.fml.loading.moddiscovery.ModDiscoverer/SCAN]: Found mod file "fabric-rendering-data-attachment-v1-0.3.48+73761d2e19.jar" [locator: net.caffeinemc.mods.sodium.service.SodiumServiceModLocator@6b9c69a9, reader: mod manifest]
[218月2026 09:25:54.824] [main/INFO] [net.neoforged.fml.loading.moddiscovery.ModDiscoverer/SCAN]: Found mod file "fabric-renderer-api-v1-3.4.1+9125b6dc19.jar" [locator: net.caffeinemc.mods.sodium.service.SodiumServiceModLocator@6b9c69a9, reader: mod manifest]
[218月2026 09:25:54.831] [main/INFO] [net.neoforged.fml.loading.moddiscovery.ModDiscoverer/SCAN]: Found mod file "fabric-block-view-api-v2-1.0.10+9afaaf8c19.jar" [locator: net.caffeinemc.mods.sodium.service.SodiumServiceModLocator@6b9c69a9, reader: mod manifest]
[218月2026 09:25:54.840] [main/INFO] [net.neoforged.fml.loading.moddiscovery.ModDiscoverer/SCAN]: Found mod file "fabric-api-base-0.4.42+d1308ded19.jar" [locator: net.caffeinemc.mods.sodium.service.SodiumServiceModLocator@6b9c69a9, reader: mod manifest]
[218月2026 09:25:54.876] [main/INFO] [net.neoforged.fml.loading.moddiscovery.ModDiscoverer/SCAN]: Found mod file "[JEI物品管理器] jei-1.21.1-neoforge-19.44.0.403.jar" [locator: {mods folder locator at C:\Desktop\.minecraft\versions\1145141\mods}, reader: mod manifest]
[218月2026 09:25:54.895] [main/INFO] [net.neoforged.fml.loading.moddiscovery.ModDiscoverer/SCAN]: Found mod file "[Xaero的世界地图] xaeroworldmap-neoforge-1.21.1-1.44.2.jar" [locator: {mods folder locator at C:\Desktop\.minecraft\versions\1145141\mods}, reader: mod manifest]
[218月2026 09:25:54.918] [main/INFO] [net.neoforged.fml.loading.moddiscovery.ModDiscoverer/SCAN]: Found mod file "[Xaero的小地图] xaerominimap-neoforge-1.21.1-26.4.2.jar" [locator: {mods folder locator at C:\Desktop\.minecraft\versions\1145141\mods}, reader: mod manifest]
[218月2026 09:25:54.928] [main/INFO] [net.neoforged.fml.loading.moddiscovery.ModDiscoverer/SCAN]: Found mod file "[YUNG 的末地岛屿优化] YungsBetterEndIsland-1.21.1-NeoForge-3.1.2.jar" [locator: {mods folder locator at C:\Desktop\.minecraft\versions\1145141\mods}, reader: mod manifest]
[218月2026 09:25:54.938] [main/INFO] [net.neoforged.fml.loading.moddiscovery.ModDiscoverer/SCAN]: Found mod file "[一键背包整理Next] InventoryProfilesNext-neoforge-1.21.1-2.2.5.jar" [locator: {mods folder locator at C:\Desktop\.minecraft\versions\1145141\mods}, reader: mod manifest]
[218月2026 09:25:54.945] [main/INFO] [net.neoforged.fml.loading.moddiscovery.ModDiscoverer/SCAN]: Found gamelibrary file "[交易刷新] traderefresh-3.0.4.jar" [locator: {mods folder locator at C:\Desktop\.minecraft\versions\1145141\mods}, reader: mod manifest]
[218月2026 09:25:54.954] [main/INFO] [net.neoforged.fml.loading.moddiscovery.ModDiscoverer/SCAN]: Found mod file "[传送石碑／指路石] waystones-neoforge-1.21.1-21.1.41.jar" [locator: {mods folder locator at C:\Desktop\.minecraft\versions\1145141\mods}, reader: mod manifest]
[218月2026 09:25:54.965] [main/INFO] [net.neoforged.fml.loading.moddiscovery.ModDiscoverer/SCAN]: Found mod file "[免税附魔] TaxFreeLevels-1.4.23-neoforge-1.21.1.jar" [locator: {mods folder locator at C:\Desktop\.minecraft\versions\1145141\mods}, reader: mod manifest]
[218月2026 09:25:54.976] [main/INFO] [net.neoforged.fml.loading.moddiscovery.ModDiscoverer/SCAN]: Found mod file "[冰山] Iceberg-1.21.1-neoforge-1.3.2.jar" [locator: {mods folder locator at C:\Desktop\.minecraft\versions\1145141\mods}, reader: mod manifest]
[218月2026 09:25:54.986] [main/INFO] [net.neoforged.fml.loading.moddiscovery.ModDiscoverer/SCAN]: Found mod file "[加速火把非官方版] Torcherino-neoforge-1.21-24.0.6.jar" [locator: {mods folder locator at C:\Desktop\.minecraft\versions\1145141\mods}, reader: mod manifest]
[218月2026 09:25:54.996] [main/INFO] [net.neoforged.fml.loading.moddiscovery.ModDiscoverer/SCAN]: Found mod file "[动态 FPS] dynamic-fps-3.11.4+minecraft-1.21.0-neoforge.jar" [locator: {mods folder locator at C:\Desktop\.minecraft\versions\1145141\mods}, reader: mod manifest]
[218月2026 09:25:55.009] [main/INFO] [net.neoforged.fml.loading.moddiscovery.ModDiscoverer/SCAN]: Found mod file "[多态合成] polymorph-neoforge-1.1.0+1.21.1.jar" [locator: {mods folder locator at C:\Desktop\.minecraft\versions\1145141\mods}, reader: mod manifest]
[218月2026 09:25:55.016] [main/INFO] [net.neoforged.fml.loading.moddiscovery.ModDiscoverer/SCAN]: Found mod file "[实体渲染机制优化] entityculling-neoforge-1.10.5-mc1.21.1.jar" [locator: {mods folder locator at C:\Desktop\.minecraft\versions\1145141\mods}, reader: mod manifest]
[218月2026 09:25:55.024] [main/INFO] [net.neoforged.fml.loading.moddiscovery.ModDiscoverer/SCAN]: Found mod file "[拾取提示] PickUpNotifier-v21.1.1-1.21.1-NeoForge.jar" [locator: {mods folder locator at C:\Desktop\.minecraft\versions\1145141\mods}, reader: mod manifest]
[218月2026 09:25:55.043] [main/INFO] [net.neoforged.fml.loading.moddiscovery.ModDiscoverer/SCAN]: Found mod file "[搬运] carryon-neoforge-1.21.1-2.2.6.13.jar" [locator: {mods folder locator at C:\Desktop\.minecraft\versions\1145141\mods}, reader: mod manifest]
[218月2026 09:25:55.053] [main/INFO] [net.neoforged.fml.loading.moddiscovery.ModDiscoverer/SCAN]: Found mod file "[无限附魔修复] bowinfinityfix-1.21-neo-3.1.1.jar" [locator: {mods folder locator at C:\Desktop\.minecraft\versions\1145141\mods}, reader: mod manifest]
[218月2026 09:25:55.072] [main/INFO] [net.neoforged.fml.loading.moddiscovery.ModDiscoverer/SCAN]: Found mod file "[更好的F3] BetterF3-11.0.3-NeoForge-1.21.1.jar" [locator: {mods folder locator at C:\Desktop\.minecraft\versions\1145141\mods}, reader: mod manifest]
[218月2026 09:25:55.079] [main/INFO] [net.neoforged.fml.loading.moddiscovery.ModDiscoverer/SCAN]: Found mod file "[末影合金] enderitemod-neoforge-1.6.2-1.21.1.jar" [locator: {mods folder locator at C:\Desktop\.minecraft\versions\1145141\mods}, reader: mod manifest]
[218月2026 09:25:55.095] [main/INFO] [net.neoforged.fml.loading.moddiscovery.ModDiscoverer/SCAN]: Found mod file "[机械动力] create-1.21.1-6.0.10.jar" [locator: {mods folder locator at C:\Desktop\.minecraft\versions\1145141\mods}, reader: mod manifest]
[218月2026 09:25:55.110] [main/INFO] [net.neoforged.fml.loading.moddiscovery.ModDiscoverer/SCAN]: Found mod file "[机械动力：伪装方块+] copycats-3.0.4+mc.1.21.1-neoforge.jar" [locator: {mods folder locator at C:\Desktop\.minecraft\versions\1145141\mods}, reader: mod manifest]
[218月2026 09:25:55.121] [main/INFO] [net.neoforged.fml.loading.moddiscovery.ModDiscoverer/SCAN]: Found mod file "[机械动力：创意传动] create_connected-1.3.2-mc1.21.1.jar" [locator: {mods folder locator at C:\Desktop\.minecraft\versions\1145141\mods}, reader: mod manifest]
[218月2026 09:25:55.130] [main/INFO] [net.neoforged.fml.loading.moddiscovery.ModDiscoverer/SCAN]: Found mod file "[机械动力：原子核动] createnuclear-1.3.2-beta.3-neoforge.jar" [locator: {mods folder locator at C:\Desktop\.minecraft\versions\1145141\mods}, reader: mod manifest]
[218月2026 09:25:55.141] [main/INFO] [net.neoforged.fml.loading.moddiscovery.ModDiscoverer/SCAN]: Found mod file "[机械动力：封装工艺] Create Encased-1.21.1-1.9.0-ht3.jar" [locator: {mods folder locator at C:\Desktop\.minecraft\versions\1145141\mods}, reader: mod manifest]
[218月2026 09:25:55.154] [main/INFO] [net.neoforged.fml.loading.moddiscovery.ModDiscoverer/SCAN]: Found mod file "[机械动力：末影传输] createendertransmission-2.1.1-1.21.1.jar" [locator: {mods folder locator at C:\Desktop\.minecraft\versions\1145141\mods}, reader: mod manifest]
[218月2026 09:25:55.165] [main/INFO] [net.neoforged.fml.loading.moddiscovery.ModDiscoverer/SCAN]: Found mod file "[机械动力：柴油动力] createdieselgenerators-1.21.1-1.3.15.jar" [locator: {mods folder locator at C:\Desktop\.minecraft\versions\1145141\mods}, reader: mod manifest]
[218月2026 09:25:55.176] [main/INFO] [net.neoforged.fml.loading.moddiscovery.ModDiscoverer/SCAN]: Found mod file "[机械动力：矿石开掘] createoreexcavation-1.21-1.6.8.jar" [locator: {mods folder locator at C:\Desktop\.minecraft\versions\1145141\mods}, reader: mod manifest]
[218月2026 09:25:55.195] [main/INFO] [net.neoforged.fml.loading.moddiscovery.ModDiscoverer/SCAN]: Found mod file "[机械动力：高级遥控器] create_tweaked_controllers-1.21.1-1.2.7.jar" [locator: {mods folder locator at C:\Desktop\.minecraft\versions\1145141\mods}, reader: mod manifest]
[218月2026 09:25:55.207] [main/INFO] [net.neoforged.fml.loading.moddiscovery.ModDiscoverer/SCAN]: Found mod file "[潜影盒提示框] shulkerboxtooltip-neoforge-5.1.9+1.21.1.jar" [locator: {mods folder locator at C:\Desktop\.minecraft\versions\1145141\mods}, reader: mod manifest]
[218月2026 09:25:55.216] [main/INFO] [net.neoforged.fml.loading.moddiscovery.ModDiscoverer/SCAN]: Found mod file "[火花] spark-1.10.124-neoforge.jar" [locator: {mods folder locator at C:\Desktop\.minecraft\versions\1145141\mods}, reader: mod manifest]
[218月2026 09:25:55.298] [main/INFO] [net.neoforged.fml.loading.moddiscovery.ModDiscoverer/SCAN]: Found mod file "[物品高亮] Highlighter-1.21-neoforge-1.1.11.jar" [locator: {mods folder locator at C:\Desktop\.minecraft\versions\1145141\mods}, reader: mod manifest]
[218月2026 09:25:55.306] [main/INFO] [net.neoforged.fml.loading.moddiscovery.ModDiscoverer/SCAN]: Found mod file "[玉 🔍] Jade-1.21.1-NeoForge-15.10.6.jar" [locator: {mods folder locator at C:\Desktop\.minecraft\versions\1145141\mods}, reader: mod manifest]
[218月2026 09:25:55.314] [main/INFO] [net.neoforged.fml.loading.moddiscovery.ModDiscoverer/SCAN]: Found mod file "[现代化修复] modernfix-neoforge-5.27.20+mc1.21.1.jar" [locator: {mods folder locator at C:\Desktop\.minecraft\versions\1145141\mods}, reader: mod manifest]
[218月2026 09:25:55.322] [main/INFO] [net.neoforged.fml.loading.moddiscovery.ModDiscoverer/SCAN]: Found mod file "[精妙核心] sophisticatedcore-1.21.1-1.4.87.2270.jar" [locator: {mods folder locator at C:\Desktop\.minecraft\versions\1145141\mods}, reader: mod manifest]
[218月2026 09:25:55.331] [main/INFO] [net.neoforged.fml.loading.moddiscovery.ModDiscoverer/SCAN]: Found mod file "[精妙背包] sophisticatedbackpacks-1.21.1-3.25.77.2086.jar" [locator: {mods folder locator at C:\Desktop\.minecraft\versions\1145141\mods}, reader: mod manifest]
[218月2026 09:25:55.338] [main/INFO] [net.neoforged.fml.loading.moddiscovery.ModDiscoverer/SCAN]: Found mod file "[经验机制改革] Clumps-neoforge-1.21.1-19.0.0.1.jar" [locator: {mods folder locator at C:\Desktop\.minecraft\versions\1145141\mods}, reader: mod manifest]
[218月2026 09:25:55.344] [main/INFO] [net.neoforged.fml.loading.moddiscovery.ModDiscoverer/SCAN]: Found mod file "[腐肉换皮革] jrftl-1.21-neoforge-1.8.0.jar" [locator: {mods folder locator at C:\Desktop\.minecraft\versions\1145141\mods}, reader: mod manifest]
[218月2026 09:25:55.351] [main/INFO] [net.neoforged.fml.loading.moddiscovery.ModDiscoverer/SCAN]: Found mod file "[苹果皮] appleskin-neoforge-mc1.21-3.0.9.jar" [locator: {mods folder locator at C:\Desktop\.minecraft\versions\1145141\mods}, reader: mod manifest]
[218月2026 09:25:55.357] [main/INFO] [net.neoforged.fml.loading.moddiscovery.ModDiscoverer/SCAN]: Found mod file "[输入法冲突修复] IMBlocker-5.5.4-neoforge+1.20.6-1.21.8.jar" [locator: {mods folder locator at C:\Desktop\.minecraft\versions\1145141\mods}, reader: mod manifest]
[218月2026 09:25:55.365] [main/INFO] [net.neoforged.fml.loading.moddiscovery.ModDiscoverer/SCAN]: Found mod file "[进度牌匾] AdvancementPlaques-1.21.1-neoforge-1.6.8.jar" [locator: {mods folder locator at C:\Desktop\.minecraft\versions\1145141\mods}, reader: mod manifest]
[218月2026 09:25:55.372] [main/INFO] [net.neoforged.fml.loading.moddiscovery.ModDiscoverer/SCAN]: Found mod file "[连锁破坏] ftb-ultimine-neoforge-2101.1.15.jar" [locator: {mods folder locator at C:\Desktop\.minecraft\versions\1145141\mods}, reader: mod manifest]
[218月2026 09:25:55.377] [main/INFO] [net.neoforged.fml.loading.moddiscovery.ModDiscoverer/SCAN]: Found mod file "[通用拼音搜索] jecharacters-1.21.1-neoforge-4.5.27.jar" [locator: {mods folder locator at C:\Desktop\.minecraft\versions\1145141\mods}, reader: mod manifest]
[218月2026 09:25:55.394] [main/INFO] [net.neoforged.fml.loading.moddiscovery.ModDiscoverer/SCAN]: Found mod file "[铁氧体磁芯] ferritecore-7.0.3-neoforge.jar" [locator: {mods folder locator at C:\Desktop\.minecraft\versions\1145141\mods}, reader: mod manifest]
[218月2026 09:25:55.401] [main/INFO] [net.neoforged.fml.loading.moddiscovery.ModDiscoverer/SCAN]: Found mod file "[锂] lithium-neoforge-0.15.4+mc1.21.1.jar" [locator: {mods folder locator at C:\Desktop\.minecraft\versions\1145141\mods}, reader: mod manifest]
[218月2026 09:25:55.412] [main/INFO] [net.neoforged.fml.loading.moddiscovery.ModDiscoverer/SCAN]: Found mod file "[键位冲突显示] Controlling-neoforge-1.21.1-19.0.5.jar" [locator: {mods folder locator at C:\Desktop\.minecraft\versions\1145141\mods}, reader: mod manifest]
[218月2026 09:25:55.419] [main/INFO] [net.neoforged.fml.loading.moddiscovery.ModDiscoverer/SCAN]: Found mod file "[预生成区块] Chunky-NeoForge-1.4.23.jar" [locator: {mods folder locator at C:\Desktop\.minecraft\versions\1145141\mods}, reader: mod manifest]
[218月2026 09:25:55.426] [main/INFO] [net.neoforged.fml.loading.moddiscovery.ModDiscoverer/SCAN]: Found mod file "architectury-13.0.11-neoforge.jar" [locator: {mods folder locator at C:\Desktop\.minecraft\versions\1145141\mods}, reader: mod manifest]
[218月2026 09:25:55.431] [main/INFO] [net.neoforged.fml.loading.moddiscovery.ModDiscoverer/SCAN]: Found mod file "badpackets-neo-0.8.2.jar" [locator: {mods folder locator at C:\Desktop\.minecraft\versions\1145141\mods}, reader: mod manifest]
[218月2026 09:25:55.439] [main/INFO] [net.neoforged.fml.loading.moddiscovery.ModDiscoverer/SCAN]: Found mod file "balm-neoforge-1.21.1-21.0.65.jar" [locator: {mods folder locator at C:\Desktop\.minecraft\versions\1145141\mods}, reader: mod manifest]
[218月2026 09:25:55.444] [main/INFO] [net.neoforged.fml.loading.moddiscovery.ModDiscoverer/SCAN]: Found mod file "cloth-config-15.0.140-neoforge.jar" [locator: {mods folder locator at C:\Desktop\.minecraft\versions\1145141\mods}, reader: mod manifest]
[218月2026 09:25:55.451] [main/INFO] [net.neoforged.fml.loading.moddiscovery.ModDiscoverer/SCAN]: Found mod file "cupboard-1.21.1-4.0.jar" [locator: {mods folder locator at C:\Desktop\.minecraft\versions\1145141\mods}, reader: mod manifest]
[218月2026 09:25:55.457] [main/INFO] [net.neoforged.fml.loading.moddiscovery.ModDiscoverer/SCAN]: Found mod file "curios-neoforge-9.5.1+1.21.1.jar" [locator: {mods folder locator at C:\Desktop\.minecraft\versions\1145141\mods}, reader: mod manifest]
[218月2026 09:25:55.463] [main/INFO] [net.neoforged.fml.loading.moddiscovery.ModDiscoverer/SCAN]: Found mod file "ftb-library-neoforge-2101.1.35.jar" [locator: {mods folder locator at C:\Desktop\.minecraft\versions\1145141\mods}, reader: mod manifest]
[218月2026 09:25:55.471] [main/INFO] [net.neoforged.fml.loading.moddiscovery.ModDiscoverer/SCAN]: Found mod file "fzzy_config-0.7.6+1.21+neoforge.jar" [locator: {mods folder locator at C:\Desktop\.minecraft\versions\1145141\mods}, reader: mod manifest]
[218月2026 09:25:55.479] [main/INFO] [net.neoforged.fml.loading.moddiscovery.ModDiscoverer/SCAN]: Found mod file "iris-neoforge-1.8.14-beta.1+mc1.21.1.jar" [locator: {mods folder locator at C:\Desktop\.minecraft\versions\1145141\mods}, reader: mod manifest]
[218月2026 09:25:55.487] [main/INFO] [net.neoforged.fml.loading.moddiscovery.ModDiscoverer/SCAN]: Found library file "kotlinforforge-5.12.0-all.jar" [locator: {mods folder locator at C:\Desktop\.minecraft\versions\1145141\mods}, reader: mod manifest]
[218月2026 09:25:55.493] [main/INFO] [net.neoforged.fml.loading.moddiscovery.ModDiscoverer/SCAN]: Found mod file "libIPN-neoforge-1.21.1-6.6.3.jar" [locator: {mods folder locator at C:\Desktop\.minecraft\versions\1145141\mods}, reader: mod manifest]
[218月2026 09:25:55.499] [main/INFO] [net.neoforged.fml.loading.moddiscovery.ModDiscoverer/SCAN]: Found mod file "mafglib-0.4.3+mc1.21.1.jar" [locator: {mods folder locator at C:\Desktop\.minecraft\versions\1145141\mods}, reader: mod manifest]
[218月2026 09:25:55.505] [main/INFO] [net.neoforged.fml.loading.moddiscovery.ModDiscoverer/SCAN]: Found mod file "particle_core-0.3.3+1.21+neoforge.jar" [locator: {mods folder locator at C:\Desktop\.minecraft\versions\1145141\mods}, reader: mod manifest]
[218月2026 09:25:55.512] [main/INFO] [net.neoforged.fml.loading.moddiscovery.ModDiscoverer/SCAN]: Found mod file "PuzzlesLib-v21.1.52-1.21.1-NeoForge.jar" [locator: {mods folder locator at C:\Desktop\.minecraft\versions\1145141\mods}, reader: mod manifest]
[218月2026 09:25:55.519] [main/INFO] [net.neoforged.fml.loading.moddiscovery.ModDiscoverer/SCAN]: Found mod file "Searchables-neoforge-1.21.1-1.0.2.jar" [locator: {mods folder locator at C:\Desktop\.minecraft\versions\1145141\mods}, reader: mod manifest]
[218月2026 09:25:55.524] [main/INFO] [net.neoforged.fml.loading.moddiscovery.ModDiscoverer/SCAN]: Found mod file "servercore-neoforge-1.5.19+1.21.1.jar" [locator: {mods folder locator at C:\Desktop\.minecraft\versions\1145141\mods}, reader: mod manifest]
[218月2026 09:25:55.536] [main/INFO] [net.neoforged.fml.loading.moddiscovery.ModDiscoverer/SCAN]: Found mod file "stonereverser-1.0.8.jar" [locator: {mods folder locator at C:\Desktop\.minecraft\versions\1145141\mods}, reader: mod manifest]
[218月2026 09:25:55.547] [main/INFO] [net.neoforged.fml.loading.moddiscovery.ModDiscoverer/SCAN]: Found mod file "tweakerge-0.4.3+mc1.21.1.jar" [locator: {mods folder locator at C:\Desktop\.minecraft\versions\1145141\mods}, reader: mod manifest]
[218月2026 09:25:55.556] [main/INFO] [net.neoforged.fml.loading.moddiscovery.ModDiscoverer/SCAN]: Found mod file "YungsApi-1.21.1-NeoForge-5.1.6.jar" [locator: {mods folder locator at C:\Desktop\.minecraft\versions\1145141\mods}, reader: mod manifest]
[218月2026 09:25:56.857] [main/WARN] [net.neoforged.jarjar.selection.JarSelector/]: Attempted to select a dependency jar for JarJar which was passed in as source: fabric_renderer_api_v1. Using Mod File: 
[218月2026 09:25:56.857] [main/WARN] [net.neoforged.jarjar.selection.JarSelector/]: Attempted to select a dependency jar for JarJar which was passed in as source: fabric_api_base. Using Mod File: 
[218月2026 09:25:56.857] [main/WARN] [net.neoforged.jarjar.selection.JarSelector/]: Attempted to select a dependency jar for JarJar which was passed in as source: fabric_block_view_api_v2. Using Mod File: 
[218月2026 09:25:56.857] [main/WARN] [net.neoforged.jarjar.selection.JarSelector/]: Attempted to select a dependency jar for JarJar which was passed in as source: fabric_rendering_data_attachment_v1. Using Mod File: 
[218月2026 09:25:56.858] [main/INFO] [net.neoforged.fml.loading.moddiscovery.locators.JarInJarDependencyLocator/]: Found 34 dependencies adding them to mods collection
[218月2026 09:25:56.858] [main/INFO] [net.neoforged.fml.loading.moddiscovery.ModDiscoverer/SCAN]: Found gamelibrary file "mixinextras-neoforge-0.5.3.jar" [parent: neoforge-21.1.248-universal.jar, locator: jarinjar, reader: mod manifest]
[218月2026 09:25:56.858] [main/INFO] [net.neoforged.fml.loading.moddiscovery.ModDiscoverer/SCAN]: Found library file "dazzleconf-ext-snakeyaml-1.3.0-M2.jar" [parent: servercore-neoforge-1.5.19+1.21.1.jar, locator: jarinjar]
[218月2026 09:25:56.859] [main/INFO] [net.neoforged.fml.loading.moddiscovery.ModDiscoverer/SCAN]: Found mod file "kuma-api-neoforge-21.0.8+1.21.jar" [parent: balm-neoforge-1.21.1-21.0.65.jar, locator: jarinjar, reader: mod manifest]
[218月2026 09:25:56.859] [main/INFO] [net.neoforged.fml.loading.moddiscovery.ModDiscoverer/SCAN]: Found gamelibrary file "l2serial-3.0.7.jar" [parent: [交易刷新] traderefresh-3.0.4.jar, locator: jarinjar, reader: mod manifest]
[218月2026 09:25:56.859] [main/INFO] [net.neoforged.fml.loading.moddiscovery.ModDiscoverer/SCAN]: Found library file "PinIn-1.6.0.jar" [parent: [通用拼音搜索] jecharacters-1.21.1-neoforge-4.5.27.jar, locator: jarinjar]
[218月2026 09:25:56.859] [main/INFO] [net.neoforged.fml.loading.moddiscovery.ModDiscoverer/SCAN]: Found mod file "ponder-neoforge-1.0.82+mc1.21.1.jar" [parent: [机械动力] create-1.21.1-6.0.10.jar, locator: jarinjar, reader: mod manifest]
[218月2026 09:25:56.859] [main/INFO] [net.neoforged.fml.loading.moddiscovery.ModDiscoverer/SCAN]: Found library file "net.neoforged.neoforge-coremods-21.1.248.jar" [parent: neoforge-21.1.248-universal.jar, locator: jarinjar, reader: mod manifest]
[218月2026 09:25:56.859] [main/INFO] [net.neoforged.fml.loading.moddiscovery.ModDiscoverer/SCAN]: Found library file "thedarkcolour.kfflang-5.12.0.jar" [parent: kotlinforforge-5.12.0-all.jar, locator: jarinjar, reader: mod manifest]
[218月2026 09:25:56.859] [main/INFO] [net.neoforged.fml.loading.moddiscovery.ModDiscoverer/SCAN]: Found mod file "xaerolib-neoforge-1.21.1-1.7.1.jar" [parent: [Xaero的小地图] xaerominimap-neoforge-1.21.1-26.4.2.jar, locator: jarinjar, reader: mod manifest]
[218月2026 09:25:56.859] [main/INFO] [net.neoforged.fml.loading.moddiscovery.ModDiscoverer/SCAN]: Found gamelibrary file "thedarkcolour.kfflib-5.12.0.jar" [parent: kotlinforforge-5.12.0-all.jar, locator: jarinjar, reader: mod manifest]
[218月2026 09:25:56.860] [main/INFO] [net.neoforged.fml.loading.moddiscovery.ModDiscoverer/SCAN]: Found library file "jcpp-1.4.14.jar" [parent: iris-neoforge-1.8.14-beta.1+mc1.21.1.jar, locator: jarinjar]
[218月2026 09:25:56.860] [main/INFO] [net.neoforged.fml.loading.moddiscovery.ModDiscoverer/SCAN]: Found library file "glsl-transformer-3.0.0-pre3.jar" [parent: iris-neoforge-1.8.14-beta.1+mc1.21.1.jar, locator: jarinjar]
[218月2026 09:25:56.860] [main/INFO] [net.neoforged.fml.loading.moddiscovery.ModDiscoverer/SCAN]: Found mod file "TRender-1.0.15-1.21.1-neoforge-SNAPSHOT.jar" [parent: [实体渲染机制优化] entityculling-neoforge-1.10.5-mc1.21.1.jar, locator: jarinjar, reader: mod manifest]
[218月2026 09:25:56.860] [main/INFO] [net.neoforged.fml.loading.moddiscovery.ModDiscoverer/SCAN]: Found mod file "thedarkcolour.kffmod-5.12.0.jar" [parent: kotlinforforge-5.12.0-all.jar, locator: jarinjar, reader: mod manifest]
[218月2026 09:25:56.861] [main/INFO] [net.neoforged.fml.loading.moddiscovery.ModDiscoverer/SCAN]: Found library file "kotlin-stdlib-2.4.0.jar" [parent: kotlinforforge-5.12.0-all.jar, locator: jarinjar]
[218月2026 09:25:56.861] [main/INFO] [net.neoforged.fml.loading.moddiscovery.ModDiscoverer/SCAN]: Found library file "kotlin-reflect-2.4.0.jar" [parent: kotlinforforge-5.12.0-all.jar, locator: jarinjar]
[218月2026 09:25:56.861] [main/INFO] [net.neoforged.fml.loading.moddiscovery.ModDiscoverer/SCAN]: Found mod file "flywheel-neoforge-1.21.1-1.0.6.jar" [parent: [机械动力] create-1.21.1-6.0.10.jar, locator: jarinjar, reader: mod manifest]
[218月2026 09:25:56.861] [main/INFO] [net.neoforged.fml.loading.moddiscovery.ModDiscoverer/SCAN]: Found mod file "sable-companion-common-1.21.1-1.6.0.jar" [parent: [机械动力：柴油动力] createdieselgenerators-1.21.1-1.3.15.jar, locator: jarinjar, reader: mod manifest]
[218月2026 09:25:56.861] [main/INFO] [net.neoforged.fml.loading.moddiscovery.ModDiscoverer/SCAN]: Found library file "kotlinx-coroutines-core-jvm-1.11.0.jar" [parent: kotlinforforge-5.12.0-all.jar, locator: jarinjar]
[218月2026 09:25:56.861] [main/INFO] [net.neoforged.fml.loading.moddiscovery.ModDiscoverer/SCAN]: Found library file "JustEnoughCharacters.coremod-neoforge.jar" [parent: [通用拼音搜索] jecharacters-1.21.1-neoforge-4.5.27.jar, locator: jarinjar, reader: mod manifest]
[218月2026 09:25:56.861] [main/INFO] [net.neoforged.fml.loading.moddiscovery.ModDiscoverer/SCAN]: Found library file "tomlkt-jvm-0.3.7.jar" [parent: fzzy_config-0.7.6+1.21+neoforge.jar, locator: jarinjar]
[218月2026 09:25:56.863] [main/INFO] [net.neoforged.fml.loading.moddiscovery.ModDiscoverer/SCAN]: Found library file "kotlinx-coroutines-jdk8-1.11.0.jar" [parent: kotlinforforge-5.12.0-all.jar, locator: jarinjar]
[218月2026 09:25:56.863] [main/INFO] [net.neoforged.fml.loading.moddiscovery.ModDiscoverer/SCAN]: Found mod file "conditional-mixin-neoforge-0.6.4.jar" [parent: particle_core-0.3.3+1.21+neoforge.jar, locator: jarinjar, reader: mod manifest]
[218月2026 09:25:56.863] [main/INFO] [net.neoforged.fml.loading.moddiscovery.ModDiscoverer/SCAN]: Found mod file "TRansition-1.0.21-1.21.1-neoforge-SNAPSHOT.jar" [parent: [实体渲染机制优化] entityculling-neoforge-1.10.5-mc1.21.1.jar, locator: jarinjar, reader: mod manifest]
[218月2026 09:25:56.863] [main/INFO] [net.neoforged.fml.loading.moddiscovery.ModDiscoverer/SCAN]: Found library file "kotlin-stdlib-jdk7-2.4.0.jar" [parent: kotlinforforge-5.12.0-all.jar, locator: jarinjar]
[218月2026 09:25:56.864] [main/INFO] [net.neoforged.fml.loading.moddiscovery.ModDiscoverer/SCAN]: Found library file "battery-2.0.0.jar" [parent: [动态 FPS] dynamic-fps-3.11.4+minecraft-1.21.0-neoforge.jar, locator: jarinjar]
[218月2026 09:25:56.864] [main/INFO] [net.neoforged.fml.loading.moddiscovery.ModDiscoverer/SCAN]: Found library file "kotlin-stdlib-jdk8-2.4.0.jar" [parent: kotlinforforge-5.12.0-all.jar, locator: jarinjar]
[218月2026 09:25:56.864] [main/INFO] [net.neoforged.fml.loading.moddiscovery.ModDiscoverer/SCAN]: Found library file "dazzleconf-core-1.3.0-M2.jar" [parent: servercore-neoforge-1.5.19+1.21.1.jar, locator: jarinjar]
[218月2026 09:25:56.864] [main/INFO] [net.neoforged.fml.loading.moddiscovery.ModDiscoverer/SCAN]: Found mod file "fabric-networking-api-v1-4.3.0+6db6dff919.jar" [parent: mafglib-0.4.3+mc1.21.1.jar, locator: jarinjar, reader: mod manifest]
[218月2026 09:25:56.864] [main/INFO] [net.neoforged.fml.loading.moddiscovery.ModDiscoverer/SCAN]: Found library file "kotlinx-serialization-core-jvm-1.11.0.jar" [parent: kotlinforforge-5.12.0-all.jar, locator: jarinjar]
[218月2026 09:25:56.865] [main/INFO] [net.neoforged.fml.loading.moddiscovery.ModDiscoverer/SCAN]: Found gamelibrary file "Registrate-MC1.21-1.3.0+67.jar" [parent: [机械动力] create-1.21.1-6.0.10.jar, locator: jarinjar, reader: mod manifest]
[218月2026 09:25:56.865] [main/INFO] [net.neoforged.fml.loading.moddiscovery.ModDiscoverer/SCAN]: Found library file "kotlinx-serialization-json-jvm-1.11.0.jar" [parent: kotlinforforge-5.12.0-all.jar, locator: jarinjar]
[218月2026 09:25:56.865] [main/INFO] [net.neoforged.fml.loading.moddiscovery.ModDiscoverer/SCAN]: Found library file "snakeyaml-2.6.jar" [parent: servercore-neoforge-1.5.19+1.21.1.jar, locator: jarinjar]
[218月2026 09:25:56.865] [main/INFO] [net.neoforged.fml.loading.moddiscovery.ModDiscoverer/SCAN]: Found library file "jankson-1.2.3.jar" [parent: fzzy_config-0.7.6+1.21+neoforge.jar, locator: jarinjar]
[218月2026 09:25:56.881] [main/INFO] [net.neoforged.fml.loading.moddiscovery.ModDiscoverer/]: 
     Mod List:
		Name Version (Mod Id)

		Advancement Plaques 1.6.8 (advancementplaques)
		AppleSkin 3.0.9+mc1.21 (appleskin)
		Architectury 13.0.11 (architectury)
		Bad Packets 0.8.2 (badpackets)
		Balm 21.0.65 (balm)
		BetterF3 11.0.3 (betterf3)
		Bow Infinity Fix 3.1.1 (bowinfinityfix)
		Carry On 2.2.6 (carryon)
		Chunky 1.4.23 (chunky)
		Cloth Config v15 API 15.0.140 (cloth_config)
		Clumps 19.0.0.1 (clumps)
		conditional mixin 0.6.4 (conditional_mixin)
		Controlling 19.0.5 (controlling)
		Create 6.0.10 (create)
		Create Diesel Generators 1.21.1-1.3.15 (createdieselgenerators)
		Create Encased 1.9.0-ht3 (createcasing)
		Create Ender Transmission 2.1.1-1.21.1 (createendertransmission)
		Create Nuclear 1.3.2-beta.3 (createnuclear)
		Create Ore Excavation 1.6.8 (createoreexcavation)
		Create Tweaked Controllers 1.21.1-1.2.7 (create_tweaked_controllers)
		Create: Connected 1.3.2-mc1.21.1 (create_connected)
		Create: Copycats+ 3.0.4+mc.1.21.1-neoforge (copycats)
		Cupboard mod 4.0 (cupboard)
		Curios API 9.5.1+1.21.1 (curios)
		Dynamic FPS 3.11.4 (dynamic_fps)
		Enderite Mod 1.6.2 (enderitemod)
		EntityCulling 1.10.5 (entityculling)
		Ferrite Core 7.0.3 (ferritecore)
		Flywheel 1.0.6 (flywheel)
		Forgified Fabric API Base 0.4.42+d1308ded19 (fabric_api_base)
		Forgified Fabric BlockView API (v2) 1.0.10+9afaaf8c19 (fabric_block_view_api_v2)
		Forgified Fabric Networking API (v1)(ThinkingStudio) 4.3.0+6db6dff919 (fabric_networking_api_v1)
		Forgified Fabric Renderer API (v1) 3.4.1+9125b6dc19 (fabric_renderer_api_v1)
		Forgified Fabric Rendering Data Attachment (v1) 0.3.48+73761d2e19 (fabric_rendering_data_attachment_v1)
		FTB Library 2101.1.35 (ftblibrary)
		FTB Ultimine 2101.1.15 (ftbultimine)
		Fzzy Config 0.7.6+1.21+neoforge (fzzy_config)
		Highlighter 1.1.11 (highlighter)
		Iceberg 1.3.2 (iceberg)
		IMBlocker 5.5.4 (imblocker)
		Inventory Profiles Next 2.2.5 (inventoryprofilesnext)
		Iris 1.8.14-beta.1+mc1.21.1 (iris)
		Jade 15.10.6+neoforge (jade)
		JRFTL 1.8.0 (jrftl)
		Just Enough Characters 4.5.27 (jecharacters)
		Just Enough Items 19.44.0.403 (jei)
		Kotlin For Forge 5.12.0 (kotlinforforge)
		KumaAPI 21.0.8 (kuma_api)
		libIPN 6.6.3 (libipn)
		Lithium 0.15.4+mc1.21.1 (lithium)
		MaFgLib 0.4.3+mc1.21.1 (mafglib)
		Minecraft 1.21.1 (minecraft)
		ModernFix 5.27.20+mc1.21.1 (modernfix)
		NeoForge 21.1.248 (neoforge)
		Particle Core 0.3.3+1.21+neoforge (particle_core)
		Pick Up Notifier 21.1.1 (pickupnotifier)
		Polymorph 1.1.0+1.21.1 (polymorph)
		Ponder 1.0.82+mc1.21.1 (ponder)
		Puzzles Lib 21.1.52 (puzzleslib)
		Sable Companion 1.6.0 (sablecompanion)
		Searchables 1.0.2 (searchables)
		ServerCore 1.5.19+1.21.1 (servercore)
		ShulkerBoxTooltip 5.1.9+1.21.1 (shulkerboxtooltip)
		Sodium 0.8.13-beta.2+mc1.21.1 (sodium)
		Sophisticated Backpacks 3.25.77 (sophisticatedbackpacks)
		Sophisticated Core 1.4.87 (sophisticatedcore)
		spark 1.10.124 (spark)
		Stone Reverser 1.0.8 (stonereverser)
		Tax Free Levels 1.4.23 (taxfreelevels)
		Torcherino 24.0.6 (torcherino)
		Trade Refresh 3.0.4 (traderefresh)
		TRansition 1.0.21 (transition)
		TRender 1.0.15 (trender)
		Tweakerge 0.4.3+mc1.21.1 (tweakerge)
		Waystones 21.1.41 (waystones)
		Xaero's Minimap 26.4.2 (xaerominimap)
		Xaero's World Map 1.44.2 (xaeroworldmap)
		XaeroLib 1.7.1 (xaerolib)
		YUNG's API 1.21.1-NeoForge-5.1.6 (yungsapi)
		YUNG's Better End Island 1.21.1-NeoForge-3.1.2 (betterendisland)
[218月2026 09:25:57.874] [main/INFO] [net.neoforged.fml.loading.FMLServiceProvider/CORE]: Loading coremod script-engine for [xaeroworldmap, xaerominimap]
[218月2026 09:26:03.026] [main/INFO] [mixin/]: Compatibility level set to JAVA_17
[218月2026 09:26:03.030] [main/INFO] [mixin/]: Compatibility level set to JAVA_21
[218月2026 09:26:03.488] [main/INFO] [cpw.mods.modlauncher.LaunchServiceHandler/MODLAUNCHER]: Launching target 'forgeclient' with arguments [--version, 1145141, --gameDir, C:\Desktop\.minecraft\versions\1145141, --assetsDir, C:\Desktop\.minecraft\assets, --uuid, 49a89b347cf94f76ba2936d790dbf32d, --username, ke1_bi3, --assetIndex, 17, --accessToken, ❄❄❄❄❄❄❄❄, --clientId, ${clientid}, --xuid, ${auth_xuid}, --userType, msa, --versionType, PCL, --width, 854, --height, 480]
[218月2026 09:26:03.906] [main/WARN] [mixin/]: Reference map 'create_tweaked_controllers.refmap.json' for create_tweaked_controllers.mixins.json could not be read. If this is a development environment you can ignore this message
[218月2026 09:26:03.908] [main/WARN] [mixin/]: Reference map 'kuma_api.refmap.json' for kuma_api.mixins.json could not be read. If this is a development environment you can ignore this message
[218月2026 09:26:04.242] [main/INFO] [LithiumConfig/]: Option 'mixin.experimental.entity.block_caching.suffocation' requires 'mixin.util.block_tracking=true' but found 'false'. Setting 'mixin.experimental.entity.block_caching.suffocation=false'.
[218月2026 09:26:04.242] [main/INFO] [LithiumConfig/]: Option 'mixin.experimental.entity.block_caching.block_support' requires 'mixin.util.block_tracking=true' but found 'false'. Setting 'mixin.experimental.entity.block_caching.block_support=false'.
[218月2026 09:26:04.242] [main/INFO] [LithiumConfig/]: Option 'mixin.experimental.entity.block_caching.block_touching' requires 'mixin.util.block_tracking=true' but found 'false'. Setting 'mixin.experimental.entity.block_caching.block_touching=false'.
[218月2026 09:26:04.242] [main/INFO] [LithiumConfig/]: Option 'mixin.experimental.entity.block_caching' requires 'mixin.util.block_tracking=true' but found 'false'. Setting 'mixin.experimental.entity.block_caching=false'.
[218月2026 09:26:04.243] [main/INFO] [Lithium/]: Loaded configuration file for Lithium: 148 options available, 0 override(s) found
[218月2026 09:26:04.247] [main/WARN] [mixin/]: Reference map 'xaerolib.refmap.json' for xaerolib.mixins.json could not be read. If this is a development environment you can ignore this message
[218月2026 09:26:04.257] [main/WARN] [mixin/]: Reference map 'waystones.refmap.json' for waystones.mixins.json could not be read. If this is a development environment you can ignore this message
[218月2026 09:26:04.258] [main/WARN] [mixin/]: Reference map 'clumps.refmap.json' for clumps.mixins.json could not be read. If this is a development environment you can ignore this message
[218月2026 09:26:04.259] [main/WARN] [mixin/]: Reference map 'controlling.refmap.json' for controlling.mixins.json could not be read. If this is a development environment you can ignore this message
[218月2026 09:26:04.259] [main/WARN] [mixin/]: Reference map 'controlling.refmap.json' for controlling.neoforge.mixins.json could not be read. If this is a development environment you can ignore this message
[218月2026 09:26:04.415] [main/WARN] [mixin/]: Reference map 'xaeroworldmap.refmap.json' for xaeroworldmap.mixins.json could not be read. If this is a development environment you can ignore this message
[218月2026 09:26:04.663] [main/INFO] [ModernFix/]: Loaded configuration file for ModernFix 5.27.20+mc1.21.1: 89 options available, 0 override(s) found
[218月2026 09:26:04.664] [main/INFO] [ModernFix/]: Applying Nashorn fix
[218月2026 09:26:04.666] [main/INFO] [ModernFix/]: Configuring Minecraft's max.bg.threads option with 1 threads
[218月2026 09:26:04.677] [main/WARN] [mixin/]: Reference map 'yungsapi.refmap.json' for yungsapi.mixins.json could not be read. If this is a development environment you can ignore this message
[218月2026 09:26:04.680] [main/WARN] [mixin/]: Reference map 'iris.refmap.json' for mixins.iris.json could not be read. If this is a development environment you can ignore this message
[218月2026 09:26:04.680] [main/WARN] [mixin/]: Reference map 'iris.refmap.json' for mixins.iris.fantastic.json could not be read. If this is a development environment you can ignore this message
[218月2026 09:26:04.681] [main/WARN] [mixin/]: Reference map 'iris.refmap.json' for mixins.iris.vertexformat.json could not be read. If this is a development environment you can ignore this message
[218月2026 09:26:04.681] [main/WARN] [mixin/]: Reference map 'iris.refmap.json' for iris-batched-entity-rendering.mixins.json could not be read. If this is a development environment you can ignore this message
[218月2026 09:26:04.682] [main/WARN] [mixin/]: Reference map 'iris.refmap.json' for mixins.iris.compat.sodium.json could not be read. If this is a development environment you can ignore this message
[218月2026 09:26:04.688] [main/WARN] [mixin/]: Reference map 'createdieselgenerators.refmap.json' for createdieselgenerators.mixins.json could not be read. If this is a development environment you can ignore this message
[218月2026 09:26:04.690] [main/WARN] [mixin/]: Reference map 'balm.refmap.json' for balm.mixins.json could not be read. If this is a development environment you can ignore this message
[218月2026 09:26:04.734] [main/INFO] [Sodium/]: Loaded configuration file for Sodium: 45 options available, 1 override(s) found
[218月2026 09:26:04.737] [main/WARN] [mixin/]: Reference map 'carryon.refmap.json' for carryon.mixins.json could not be read. If this is a development environment you can ignore this message
[218月2026 09:26:04.741] [main/WARN] [mixin/]: Reference map 'create_connected.refmap.json' for create_connected.mixins.json could not be read. If this is a development environment you can ignore this message
[218月2026 09:26:04.909] [main/WARN] [mixin/]: Reference map 'ponder.refmap.json' for ponder-common.mixins.json could not be read. If this is a development environment you can ignore this message
[218月2026 09:26:04.912] [main/WARN] [mixin/]: Reference map 'createcasing.refmap.json' for createcasing.mixins.json could not be read. If this is a development environment you can ignore this message
[218月2026 09:26:04.913] [main/WARN] [mixin/]: Reference map 'curios.refmap.json' for curios.neoforge.mixins.json could not be read. If this is a development environment you can ignore this message
[218月2026 09:26:04.914] [main/WARN] [mixin/]: Reference map 'curios.refmap.json' for curios.mixins.json could not be read. If this is a development environment you can ignore this message
[218月2026 09:26:04.914] [main/WARN] [mixin/]: Reference map 'xaerominimap.refmap.json' for xaerohud.mixins.json could not be read. If this is a development environment you can ignore this message
[218月2026 09:26:04.916] [main/WARN] [mixin/]: Reference map 'xaerominimap.refmap.json' for xaerominimap.mixins.json could not be read. If this is a development environment you can ignore this message
[218月2026 09:26:04.917] [main/WARN] [mixin/]: Reference map 'polymorph.refmap.json' for polymorph.mixins.json could not be read. If this is a development environment you can ignore this message
[218月2026 09:26:04.920] [main/WARN] [mixin/]: Reference map 'polymorph.refmap.json' for polymorph-compatibility.mixins.json could not be read. If this is a development environment you can ignore this message
[218月2026 09:26:04.921] [main/WARN] [mixin/]: Reference map 'searchables.refmap.json' for searchables.mixins.json could not be read. If this is a development environment you can ignore this message
[218月2026 09:26:04.922] [main/WARN] [mixin/]: Reference map 'searchables.refmap.json' for searchables.neoforge.mixins.json could not be read. If this is a development environment you can ignore this message
[218月2026 09:26:04.922] [main/WARN] [mixin/]: Reference map 'entityculling.refmap.mixins.json' for entityculling.mixins.json could not be read. If this is a development environment you can ignore this message
[218月2026 09:26:04.935] [main/WARN] [mixin/]: Reference map 'ipnext.refmap.json' for mixins.ipnext.json could not be read. If this is a development environment you can ignore this message
[218月2026 09:26:04.997] [main/WARN] [mixin/]: Reference map '${refmap_target}refmap.json' for ferritecore.predicates.mixin.json could not be read. If this is a development environment you can ignore this message
[218月2026 09:26:05.036] [main/WARN] [mixin/]: Reference map '${refmap_target}refmap.json' for ferritecore.fastmap.mixin.json could not be read. If this is a development environment you can ignore this message
[218月2026 09:26:05.038] [main/WARN] [mixin/]: Reference map '${refmap_target}refmap.json' for ferritecore.mrl.mixin.json could not be read. If this is a development environment you can ignore this message
[218月2026 09:26:05.040] [main/WARN] [mixin/]: Reference map '${refmap_target}refmap.json' for ferritecore.dedupmultipart.mixin.json could not be read. If this is a development environment you can ignore this message
[218月2026 09:26:05.041] [main/WARN] [mixin/]: Reference map '${refmap_target}refmap.json' for ferritecore.blockstatecache.mixin.json could not be read. If this is a development environment you can ignore this message
[218月2026 09:26:05.043] [main/WARN] [mixin/]: Reference map '${refmap_target}refmap.json' for ferritecore.dedupbakedquad.mixin.json could not be read. If this is a development environment you can ignore this message
[218月2026 09:26:05.044] [main/WARN] [mixin/]: Reference map '${refmap_target}refmap.json' for ferritecore.threaddetec.mixin.json could not be read. If this is a development environment you can ignore this message
[218月2026 09:26:05.046] [main/WARN] [mixin/]: Reference map '${refmap_target}refmap.json' for ferritecore.modelsides.mixin.json could not be read. If this is a development environment you can ignore this message
[218月2026 09:26:05.047] [main/WARN] [mixin/]: Reference map '${refmap_target}refmap.json' for ferritecore.datacomponents.mixin.json could not be read. If this is a development environment you can ignore this message
[218月2026 09:26:05.048] [main/WARN] [mixin/]: Reference map '${refmap_target}refmap.json' for ferritecore.accessors.mixin.json could not be read. If this is a development environment you can ignore this message
[218月2026 09:26:05.055] [main/WARN] [mixin/]: Reference map 'betterendisland.refmap.json' for betterendisland.mixins.json could not be read. If this is a development environment you can ignore this message
[218月2026 09:26:05.325] [main/WARN] [mixin/]: Error loading class: me/jellysquid/mods/lithium/common/ai/pathing/PathNodeDefaults (java.lang.ClassNotFoundException: me.jellysquid.mods.lithium.common.ai.pathing.PathNodeDefaults)
[218月2026 09:26:07.883] [main/WARN] [mixin/]: Error loading class: com/portingdeadmods/cable_facades/events/GameClientEvents$2 (java.lang.ClassNotFoundException: com.portingdeadmods.cable_facades.events.GameClientEvents$2)
[218月2026 09:26:07.885] [main/WARN] [mixin/]: Error loading class: com/direwolf20/justdirethings/client/renderers/OurRenderTypes (java.lang.ClassNotFoundException: com.direwolf20.justdirethings.client.renderers.OurRenderTypes)
[218月2026 09:26:07.887] [main/WARN] [mixin/]: Error loading class: mekanism/client/render/entity/RenderFlame (java.lang.ClassNotFoundException: mekanism.client.render.entity.RenderFlame)
[218月2026 09:26:07.889] [main/WARN] [mixin/]: Error loading class: mekanism/client/render/armor/MekaSuitArmor (java.lang.ClassNotFoundException: mekanism.client.render.armor.MekaSuitArmor)
[218月2026 09:26:07.890] [main/WARN] [mixin/]: Error loading class: mekanism/client/render/lib/effect/BillboardingEffectRenderer (java.lang.ClassNotFoundException: mekanism.client.render.lib.effect.BillboardingEffectRenderer)
[218月2026 09:26:07.895] [main/WARN] [mixin/]: Error loading class: blusunrize/immersiveengineering/client/utils/IEGLShaders (java.lang.ClassNotFoundException: blusunrize.immersiveengineering.client.utils.IEGLShaders)
[218月2026 09:26:08.130] [main/WARN] [Sodium/]: Force-disabling mixin 'features.render.world.sky.ClientLevelMixin' as rule 'mixin.features.render.world.sky' (added by mods [iris]) disables it and children
[218月2026 09:26:08.131] [main/WARN] [Sodium/]: Force-disabling mixin 'features.render.world.sky.FogRendererMixin' as rule 'mixin.features.render.world.sky' (added by mods [iris]) disables it and children
[218月2026 09:26:08.133] [main/WARN] [Sodium/]: Force-disabling mixin 'features.render.world.sky.LevelRendererMixin' as rule 'mixin.features.render.world.sky' (added by mods [iris]) disables it and children
[218月2026 09:26:08.284] [main/WARN] [mixin/]: Error loading class: me/jellysquid/mods/lithium/common/ai/pathing/PathNodeDefaults (java.lang.ClassNotFoundException: me.jellysquid.mods.lithium.common.ai.pathing.PathNodeDefaults)
[218月2026 09:26:08.326] [main/WARN] [mixin/]: Error loading class: dev/simulated_team/simulated/content/blocks/throttle_lever/ThrottleLeverBlock (java.lang.ClassNotFoundException: dev.simulated_team.simulated.content.blocks.throttle_lever.ThrottleLeverBlock)
[218月2026 09:26:08.326] [main/WARN] [mixin/]: @Mixin target dev.simulated_team.simulated.content.blocks.throttle_lever.ThrottleLeverBlock was not found create_connected.mixins.json:linkedtransmitter.ThrottleLeverBlockMixin from mod create_connected
[218月2026 09:26:08.983] [main/WARN] [IMixinConfigPlugin/]: Inventory Profiles Next: Doing our own dependency resolving! Because Forge is being Forge....: https://github.com/MinecraftForge/MinecraftForge/issues/9088
[218月2026 09:26:08.986] [main/WARN] [mixin/]: Error loading class: dev/isxander/controlify/virtualmouse/VirtualMouseHandler (java.lang.ClassNotFoundException: dev.isxander.controlify.virtualmouse.VirtualMouseHandler)
[218月2026 09:26:08.986] [main/WARN] [mixin/]: @Mixin target dev.isxander.controlify.virtualmouse.VirtualMouseHandler was not found mixins.ipnext.json:MixinVirtualMouseHandler from mod inventoryprofilesnext
[218月2026 09:26:09.155] [main/WARN] [mixin/]: Error loading class: de/maxhenkel/easyvillagers/blocks/tileentity/TraderTileentityBase (java.lang.ClassNotFoundException: de.maxhenkel.easyvillagers.blocks.tileentity.TraderTileentityBase)
[218月2026 09:26:09.155] [main/WARN] [mixin/]: @Mixin target de.maxhenkel.easyvillagers.blocks.tileentity.TraderTileentityBase was not found mixins.ipnext.json:MixinTraderTileEntityBase from mod inventoryprofilesnext
[218月2026 09:26:09.487] [main/WARN] [mixin/]: Error loading class: dev/ryanhcode/sable/api/SubLevelAssemblyHelper (java.lang.ClassNotFoundException: dev.ryanhcode.sable.api.SubLevelAssemblyHelper)
[218月2026 09:26:09.487] [main/WARN] [mixin/]: @Mixin target dev.ryanhcode.sable.api.SubLevelAssemblyHelper was not found createdieselgenerators.mixins.json:SableAssemblyMixin from mod createdieselgenerators
[218月2026 09:26:09.926] [main/WARN] [mixin/]: Error loading class: org/jetbrains/annotations/ApiStatus$ScheduledForRemoval (java.lang.ClassNotFoundException: org.jetbrains.annotations.ApiStatus$ScheduledForRemoval)
[218月2026 09:26:10.039] [main/WARN] [mixin/]: Error loading class: net/minecraft/client/gui/components/AbstractScrollArea (java.lang.ClassNotFoundException: net.minecraft.client.gui.components.AbstractScrollArea)
[218月2026 09:26:10.039] [main/WARN] [mixin/]: @Mixin target net.minecraft.client.gui.components.AbstractScrollArea was not found imblocker-neoforge.mixins.json:AbstractScrollWidgetMixin from mod imblocker
[218月2026 09:26:10.058] [main/WARN] [mixin/]: Error loading class: net/minecraft/client/gui/components/AbstractScrollArea (java.lang.ClassNotFoundException: net.minecraft.client.gui.components.AbstractScrollArea)
[218月2026 09:26:10.059] [main/WARN] [mixin/]: Error loading class: net/minecraft/client/gui/components/AbstractScrollArea (java.lang.ClassNotFoundException: net.minecraft.client.gui.components.AbstractScrollArea)
[218月2026 09:26:10.074] [main/INFO] [MixinExtras|Service/]: Initializing MixinExtras via com.llamalad7.mixinextras.service.MixinExtrasServiceImpl(version=0.5.3).
[218月2026 09:26:18.378] [Datafixer Bootstrap/INFO] [com.mojang.datafixers.DataFixerBuilder/]: 229 Datafixer optimizations took 3110 milliseconds
[218月2026 09:26:19.183] [pool-7-thread-1/INFO] [net.minecraft.server.Bootstrap/]: ModernFix reached bootstrap stage (36.13 s after launch)
[218月2026 09:26:22.887] [pool-7-thread-1/WARN] [mixin/]: Method overwrite conflict for getTemperature in modernfix-modernfix.mixins.json:perf.remove_biome_temperature_cache.BiomeMixin from mod modernfix, previously written by net.caffeinemc.mods.lithium.mixin.world.temperature_cache.BiomeMixin. Skipping method.
[218月2026 09:26:28.782] [pool-7-thread-1/INFO] [net.minecraft.server.Bootstrap/]: Vanilla bootstrap took 9553 milliseconds
[218月2026 09:26:29.008] [main/WARN] [mixin/]: @Redirect conflict. Skipping mixins.tweakeroo.json:render.MixinGameRenderer_ViewBob from mod tweakerge->@Redirect::tweakeroo_disableWorldViewBob(Lnet/minecraft/client/renderer/GameRenderer;Lcom/mojang/blaze3d/vertex/PoseStack;F)V with priority 999, already redirected by mixins.iris.json:MixinModelViewBobbing from mod iris->@Redirect::iris$stopBobbing(Lnet/minecraft/client/renderer/GameRenderer;Lcom/mojang/blaze3d/vertex/PoseStack;F)V with priority 1000
[218月2026 09:26:30.191] [Render thread/WARN] [net.minecraft.server.packs.VanillaPackResourcesBuilder/]: Assets URL 'union:/C:/Desktop/.minecraft/libraries/net/minecraft/client/1.21.1-20240808.144430/client-1.21.1-20240808.144430-srg.jar%23254!/assets/.mcassetsroot' uses unexpected schema
[218月2026 09:26:30.192] [Render thread/WARN] [net.minecraft.server.packs.VanillaPackResourcesBuilder/]: Assets URL 'union:/C:/Desktop/.minecraft/libraries/net/minecraft/client/1.21.1-20240808.144430/client-1.21.1-20240808.144430-srg.jar%23254!/data/.mcassetsroot' uses unexpected schema
[218月2026 09:26:30.291] [Render thread/INFO] [com.mojang.authlib.yggdrasil.YggdrasilAuthenticationService/]: Environment: Environment[sessionHost=https://sessionserver.mojang.com, servicesHost=https://api.minecraftservices.com, name=PROD]
[218月2026 09:26:30.312] [Render thread/INFO] [net.minecraft.client.Minecraft/]: Setting user: ke1_bi3
[218月2026 09:26:30.735] [Render thread/INFO] [net.minecraft.client.Minecraft/]: Backend library: LWJGL version 3.3.3+5
[218月2026 09:26:30.913] [Render thread/INFO] [com.mojang.blaze3d.platform.Window/]: OpenGL Vendor: NVIDIA Corporation
[218月2026 09:26:30.914] [Render thread/INFO] [com.mojang.blaze3d.platform.Window/]: OpenGL Renderer: NVIDIA GeForce 940MX/PCIe/SSE2
[218月2026 09:26:30.914] [Render thread/INFO] [com.mojang.blaze3d.platform.Window/]: OpenGL Version: 4.6.0 NVIDIA 582.66
[218月2026 09:26:30.916] [Render thread/INFO] [Sodium-NvidiaWorkarounds/]: Modifying OpenGL context to apply workarounds for the NVIDIA graphics driver...
[218月2026 09:26:30.917] [Render thread/INFO] [Sodium-NvidiaWorkarounds/]: Enabling GL_DEBUG_OUTPUT_SYNCHRONOUS to force the NVIDIA driver to disable threaded command submission
[218月2026 09:26:32.265] [ForkJoinPool.commonPool-worker-2/WARN] [Iris/]: [Iris Update Check] Failed to get update info!
javax.net.ssl.SSLHandshakeException: PKIX path building failed: sun.security.provider.certpath.SunCertPathBuilderException: unable to find valid certification path to requested target
	at java.base/sun.security.ssl.Alert.createSSLException(Alert.java:130) ~[?:?]
	at java.base/sun.security.ssl.TransportContext.fatal(TransportContext.java:383) ~[?:?]
	at java.base/sun.security.ssl.TransportContext.fatal(TransportContext.java:326) ~[?:?]
	at java.base/sun.security.ssl.TransportContext.fatal(TransportContext.java:321) ~[?:?]
	at java.base/sun.security.ssl.CertificateMessage$T12CertificateConsumer.checkServerCerts(CertificateMessage.java:647) ~[?:?]
	at java.base/sun.security.ssl.CertificateMessage$T12CertificateConsumer.onCertificate(CertificateMessage.java:467) ~[?:?]
	at java.base/sun.security.ssl.CertificateMessage$T12CertificateConsumer.consume(CertificateMessage.java:363) ~[?:?]
	at java.base/sun.security.ssl.SSLHandshake.consume(SSLHandshake.java:393) ~[?:?]
	at java.base/sun.security.ssl.HandshakeContext.dispatch(HandshakeContext.java:476) ~[?:?]
	at java.base/sun.security.ssl.HandshakeContext.dispatch(HandshakeContext.java:447) ~[?:?]
	at java.base/sun.security.ssl.TransportContext.dispatch(TransportContext.java:206) ~[?:?]
	at java.base/sun.security.ssl.SSLTransport.decode(SSLTransport.java:172) ~[?:?]
	at java.base/sun.security.ssl.SSLSocketImpl.decode(SSLSocketImpl.java:1506) ~[?:?]
	at java.base/sun.security.ssl.SSLSocketImpl.readHandshakeRecord(SSLSocketImpl.java:1421) ~[?:?]
	at java.base/sun.security.ssl.SSLSocketImpl.startHandshake(SSLSocketImpl.java:455) ~[?:?]
	at java.base/sun.security.ssl.SSLSocketImpl.startHandshake(SSLSocketImpl.java:426) ~[?:?]
	at java.base/sun.net.www.protocol.https.HttpsClient.afterConnect(HttpsClient.java:586) ~[?:?]
	at java.base/sun.net.www.protocol.https.AbstractDelegateHttpsURLConnection.connect(AbstractDelegateHttpsURLConnection.java:187) ~[?:?]
	at java.base/sun.net.www.protocol.http.HttpURLConnection.getInputStream0(HttpURLConnection.java:1690) ~[?:?]
	at java.base/sun.net.www.protocol.http.HttpURLConnection.getInputStream(HttpURLConnection.java:1614) ~[?:?]
	at java.base/sun.net.www.protocol.https.HttpsURLConnectionImpl.getInputStream(HttpsURLConnectionImpl.java:223) ~[?:?]
	at java.base/java.net.URL.openStream(URL.java:1325) ~[?:?]
	at TRANSFORMER/iris@1.8.14-beta.1+mc1.21.1/net.irisshaders.iris.UpdateChecker.lambda$checkForUpdates$0(UpdateChecker.java:89) ~[?:?]
	at java.base/java.util.concurrent.CompletableFuture$AsyncSupply.run(CompletableFuture.java:1768) [?:?]
	at java.base/java.util.concurrent.CompletableFuture$AsyncSupply.exec(CompletableFuture.java:1760) [?:?]
	at java.base/java.util.concurrent.ForkJoinTask.doExec(ForkJoinTask.java:387) [?:?]
	at java.base/java.util.concurrent.ForkJoinPool$WorkQueue.topLevelExec(ForkJoinPool.java:1312) [?:?]
	at java.base/java.util.concurrent.ForkJoinPool.scan(ForkJoinPool.java:1843) [?:?]
	at java.base/java.util.concurrent.ForkJoinPool.runWorker(ForkJoinPool.java:1808) [?:?]
	at java.base/java.util.concurrent.ForkJoinWorkerThread.run(ForkJoinWorkerThread.java:188) [?:?]
Caused by: sun.security.validator.ValidatorException: PKIX path building failed: sun.security.provider.certpath.SunCertPathBuilderException: unable to find valid certification path to requested target
	at java.base/sun.security.validator.PKIXValidator.doBuild(PKIXValidator.java:388) ~[?:?]
	at java.base/sun.security.validator.PKIXValidator.engineValidate(PKIXValidator.java:271) ~[?:?]
	at java.base/sun.security.validator.Validator.validate(Validator.java:256) ~[?:?]
	at java.base/sun.security.ssl.X509TrustManagerImpl.checkTrusted(X509TrustManagerImpl.java:230) ~[?:?]
	at java.base/sun.security.ssl.X509TrustManagerImpl.checkServerTrusted(X509TrustManagerImpl.java:132) ~[?:?]
	at java.base/sun.security.ssl.CertificateMessage$T12CertificateConsumer.checkServerCerts(CertificateMessage.java:631) ~[?:?]
	... 25 more
Caused by: sun.security.provider.certpath.SunCertPathBuilderException: unable to find valid certification path to requested target
	at java.base/sun.security.provider.certpath.SunCertPathBuilder.build(SunCertPathBuilder.java:148) ~[?:?]
	at java.base/sun.security.provider.certpath.SunCertPathBuilder.engineBuild(SunCertPathBuilder.java:129) ~[?:?]
	at java.base/java.security.cert.CertPathBuilder.build(CertPathBuilder.java:297) ~[?:?]
	at java.base/sun.security.validator.PKIXValidator.doBuild(PKIXValidator.java:383) ~[?:?]
	at java.base/sun.security.validator.PKIXValidator.engineValidate(PKIXValidator.java:271) ~[?:?]
	at java.base/sun.security.validator.Validator.validate(Validator.java:256) ~[?:?]
	at java.base/sun.security.ssl.X509TrustManagerImpl.checkTrusted(X509TrustManagerImpl.java:230) ~[?:?]
	at java.base/sun.security.ssl.X509TrustManagerImpl.checkServerTrusted(X509TrustManagerImpl.java:132) ~[?:?]
	at java.base/sun.security.ssl.CertificateMessage$T12CertificateConsumer.checkServerCerts(CertificateMessage.java:631) ~[?:?]
	... 25 more
[218月2026 09:26:32.276] [Render thread/INFO] [Iris/]: Debug functionality is disabled.
[218月2026 09:26:32.281] [Render thread/INFO] [Iris/]: OpenGL 4.5 detected, enabling DSA.
[218月2026 09:26:32.321] [Render thread/INFO] [Iris/]: Shaders are disabled because no valid shaderpack is selected
[218月2026 09:26:32.560] [modloading-worker-0/INFO] [net.nuclearteam.createnuclear.CreateNuclear/]: createnuclear 6.0.10 initializing! Commit hash: ac0c444d9828da3453ae8cc65338e8de063286fb
[218月2026 09:26:32.574] [modloading-worker-0/INFO] [net.nuclearteam.createnuclear.CreateNuclear/]: Registering mod tags for createnuclear
[218月2026 09:26:32.603] [modloading-worker-0/WARN] [mixin/]: Discarding @Unique public method rotate in copycats-neoforge.mixins.json:foundation.copycat.CopycatBlockMixin from mod copycats because it already exists in com.copycatsplus.copycats.content.copycat.door.CopycatDoorBlock
[218月2026 09:26:32.604] [modloading-worker-0/WARN] [mixin/]: Discarding @Unique public method mirror in copycats-neoforge.mixins.json:foundation.copycat.CopycatBlockMixin from mod copycats because it already exists in com.copycatsplus.copycats.content.copycat.door.CopycatDoorBlock
[218月2026 09:26:32.604] [modloading-worker-0/WARN] [mixin/]: Discarding @Unique public method useItemOn in copycats-neoforge.mixins.json:foundation.copycat.CopycatBlockMixin from mod copycats because it already exists in com.copycatsplus.copycats.content.copycat.door.CopycatDoorBlock
[218月2026 09:26:32.605] [modloading-worker-0/WARN] [mixin/]: Discarding @Unique public method useWithoutItem in copycats-neoforge.mixins.json:foundation.copycat.CopycatBlockMixin from mod copycats because it already exists in com.copycatsplus.copycats.content.copycat.door.CopycatDoorBlock
[218月2026 09:26:32.619] [modloading-worker-0/WARN] [mixin/]: Discarding @Unique public method rotate in copycats-neoforge.mixins.json:foundation.copycat.CopycatBlockMixin from mod copycats because it already exists in com.copycatsplus.copycats.content.copycat.fluid_pipe.CopycatGlassFluidPipeBlock
[218月2026 09:26:32.619] [modloading-worker-0/WARN] [mixin/]: Discarding @Unique public method mirror in copycats-neoforge.mixins.json:foundation.copycat.CopycatBlockMixin from mod copycats because it already exists in com.copycatsplus.copycats.content.copycat.fluid_pipe.CopycatGlassFluidPipeBlock
[218月2026 09:26:32.619] [modloading-worker-0/WARN] [mixin/]: Discarding @Unique public method useItemOn in copycats-neoforge.mixins.json:foundation.copycat.CopycatBlockMixin from mod copycats because it already exists in com.copycatsplus.copycats.content.copycat.fluid_pipe.CopycatGlassFluidPipeBlock
[218月2026 09:26:32.619] [modloading-worker-0/WARN] [mixin/]: Discarding @Unique public method useWithoutItem in copycats-neoforge.mixins.json:foundation.copycat.CopycatBlockMixin from mod copycats because it already exists in com.copycatsplus.copycats.content.copycat.fluid_pipe.CopycatGlassFluidPipeBlock
[218月2026 09:26:32.654] [modloading-worker-0/WARN] [mixin/]: Discarding @Unique public method rotate in copycats-neoforge.mixins.json:foundation.copycat.multistate.MultiStateCopycatBlockMixin from mod copycats because it already exists in com.copycatsplus.copycats.foundation.copycat.multistate.MultiStateCopycatBlock
[218月2026 09:26:32.654] [modloading-worker-0/WARN] [mixin/]: Discarding @Unique public method mirror in copycats-neoforge.mixins.json:foundation.copycat.multistate.MultiStateCopycatBlockMixin from mod copycats because it already exists in com.copycatsplus.copycats.foundation.copycat.multistate.MultiStateCopycatBlock
[218月2026 09:26:32.654] [modloading-worker-0/WARN] [mixin/]: Discarding @Unique public method useItemOn in copycats-neoforge.mixins.json:foundation.copycat.multistate.MultiStateCopycatBlockMixin from mod copycats because it already exists in com.copycatsplus.copycats.foundation.copycat.multistate.MultiStateCopycatBlock
[218月2026 09:26:32.654] [modloading-worker-0/WARN] [mixin/]: Discarding @Unique public method useWithoutItem in copycats-neoforge.mixins.json:foundation.copycat.multistate.MultiStateCopycatBlockMixin from mod copycats because it already exists in com.copycatsplus.copycats.foundation.copycat.multistate.MultiStateCopycatBlock
[218月2026 09:26:32.771] [modloading-worker-0/WARN] [mixin/]: Discarding @Unique public method rotate in copycats-neoforge.mixins.json:foundation.copycat.CopycatBlockMixin from mod copycats because it already exists in com.copycatsplus.copycats.content.copycat.sliding_door.CopycatSlidingDoorBlock
[218月2026 09:26:32.772] [modloading-worker-0/WARN] [mixin/]: Discarding @Unique public method mirror in copycats-neoforge.mixins.json:foundation.copycat.CopycatBlockMixin from mod copycats because it already exists in com.copycatsplus.copycats.content.copycat.sliding_door.CopycatSlidingDoorBlock
[218月2026 09:26:32.772] [modloading-worker-0/WARN] [mixin/]: Discarding @Unique public method useItemOn in copycats-neoforge.mixins.json:foundation.copycat.CopycatBlockMixin from mod copycats because it already exists in com.copycatsplus.copycats.content.copycat.sliding_door.CopycatSlidingDoorBlock
[218月2026 09:26:32.772] [modloading-worker-0/WARN] [mixin/]: Discarding @Unique public method useWithoutItem in copycats-neoforge.mixins.json:foundation.copycat.CopycatBlockMixin from mod copycats because it already exists in com.copycatsplus.copycats.content.copycat.sliding_door.CopycatSlidingDoorBlock
[218月2026 09:26:32.878] [modloading-worker-0/INFO] [net.nuclearteam.createnuclear.CreateNuclear/]: Registering ModBlocks for createnuclear
[218月2026 09:26:32.933] [modloading-worker-0/WARN] [mixin/]: Discarding @Unique public method rotate in copycats-neoforge.mixins.json:foundation.copycat.CopycatBlockMixin from mod copycats because it already exists in com.copycatsplus.copycats.foundation.copycat.CCCopycatBlock
[218月2026 09:26:32.933] [modloading-worker-0/WARN] [mixin/]: Discarding @Unique public method mirror in copycats-neoforge.mixins.json:foundation.copycat.CopycatBlockMixin from mod copycats because it already exists in com.copycatsplus.copycats.foundation.copycat.CCCopycatBlock
[218月2026 09:26:32.933] [modloading-worker-0/WARN] [mixin/]: Discarding @Unique public method useItemOn in copycats-neoforge.mixins.json:foundation.copycat.CopycatBlockMixin from mod copycats because it already exists in com.copycatsplus.copycats.foundation.copycat.CCCopycatBlock
[218月2026 09:26:32.933] [modloading-worker-0/WARN] [mixin/]: Discarding @Unique public method useWithoutItem in copycats-neoforge.mixins.json:foundation.copycat.CopycatBlockMixin from mod copycats because it already exists in com.copycatsplus.copycats.foundation.copycat.CCCopycatBlock
[218月2026 09:26:33.180] [modloading-worker-0/INFO] [xaero.lib.XaeroLib/]: Registering common data for channel xaerolib:main!
[218月2026 09:26:33.200] [modloading-worker-0/INFO] [xaero.lib.XaeroLib/]: Registering client data for channel xaerolib:main!
[218月2026 09:26:33.230] [modloading-worker-0/WARN] [mixin/]: Discarding @Unique public method rotate in copycats-neoforge.mixins.json:foundation.copycat.CopycatBlockMixin from mod copycats because it already exists in com.copycatsplus.copycats.content.copycat.button.CopycatButtonBlock
[218月2026 09:26:33.230] [modloading-worker-0/WARN] [mixin/]: Discarding @Unique public method mirror in copycats-neoforge.mixins.json:foundation.copycat.CopycatBlockMixin from mod copycats because it already exists in com.copycatsplus.copycats.content.copycat.button.CopycatButtonBlock
[218月2026 09:26:33.230] [modloading-worker-0/WARN] [mixin/]: Discarding @Unique public method useItemOn in copycats-neoforge.mixins.json:foundation.copycat.CopycatBlockMixin from mod copycats because it already exists in com.copycatsplus.copycats.content.copycat.button.CopycatButtonBlock
[218月2026 09:26:33.230] [modloading-worker-0/WARN] [mixin/]: Discarding @Unique public method useWithoutItem in copycats-neoforge.mixins.json:foundation.copycat.CopycatBlockMixin from mod copycats because it already exists in com.copycatsplus.copycats.content.copycat.button.CopycatButtonBlock
[218月2026 09:26:33.284] [modloading-worker-0/INFO] [xaero.lib.XaeroLib/]: Loading primary common config for channel xaerolib:main!
[218月2026 09:26:33.314] [modloading-worker-0/WARN] [mixin/]: Discarding @Unique public method rotate in copycats-neoforge.mixins.json:foundation.copycat.CopycatBlockMixin from mod copycats because it already exists in com.copycatsplus.copycats.content.copycat.fence.CopycatFenceBlock
[218月2026 09:26:33.314] [modloading-worker-0/WARN] [mixin/]: Discarding @Unique public method mirror in copycats-neoforge.mixins.json:foundation.copycat.CopycatBlockMixin from mod copycats because it already exists in com.copycatsplus.copycats.content.copycat.fence.CopycatFenceBlock
[218月2026 09:26:33.316] [modloading-worker-0/WARN] [mixin/]: Discarding @Unique public method useItemOn in copycats-neoforge.mixins.json:foundation.copycat.CopycatBlockMixin from mod copycats because it already exists in com.copycatsplus.copycats.content.copycat.fence.CopycatFenceBlock
[218月2026 09:26:33.316] [modloading-worker-0/WARN] [mixin/]: Discarding @Unique public method useWithoutItem in copycats-neoforge.mixins.json:foundation.copycat.CopycatBlockMixin from mod copycats because it already exists in com.copycatsplus.copycats.content.copycat.fence.CopycatFenceBlock
[218月2026 09:26:33.332] [modloading-worker-0/WARN] [mixin/]: Discarding @Unique public method rotate in copycats-neoforge.mixins.json:foundation.copycat.CopycatBlockMixin from mod copycats because it already exists in com.copycatsplus.copycats.content.copycat.fence_gate.CopycatFenceGateBlock
[218月2026 09:26:33.333] [modloading-worker-0/WARN] [mixin/]: Discarding @Unique public method mirror in copycats-neoforge.mixins.json:foundation.copycat.CopycatBlockMixin from mod copycats because it already exists in com.copycatsplus.copycats.content.copycat.fence_gate.CopycatFenceGateBlock
[218月2026 09:26:33.333] [modloading-worker-0/WARN] [mixin/]: Discarding @Unique public method useItemOn in copycats-neoforge.mixins.json:foundation.copycat.CopycatBlockMixin from mod copycats because it already exists in com.copycatsplus.copycats.content.copycat.fence_gate.CopycatFenceGateBlock
[218月2026 09:26:33.333] [modloading-worker-0/WARN] [mixin/]: Discarding @Unique public method useWithoutItem in copycats-neoforge.mixins.json:foundation.copycat.CopycatBlockMixin from mod copycats because it already exists in com.copycatsplus.copycats.content.copycat.fence_gate.CopycatFenceGateBlock
[218月2026 09:26:33.383] [modloading-worker-0/INFO] [xaero.lib.XaeroLib/]: Loading server config profiles for channel xaerolib:main!
[218月2026 09:26:33.492] [modloading-worker-0/INFO] [xaero.lib.XaeroLib/]: Loading primary client config for channel xaerolib:main!
[218月2026 09:26:33.503] [modloading-worker-0/INFO] [xaero.lib.XaeroLib/]: Loading client config profiles for channel xaerolib:main!
[218月2026 09:26:33.518] [modloading-worker-0/WARN] [mixin/]: Discarding @Unique public method rotate in copycats-neoforge.mixins.json:foundation.copycat.CopycatBlockMixin from mod copycats because it already exists in com.copycatsplus.copycats.content.copycat.ladder.CopycatLadderBlock
[218月2026 09:26:33.518] [modloading-worker-0/WARN] [mixin/]: Discarding @Unique public method mirror in copycats-neoforge.mixins.json:foundation.copycat.CopycatBlockMixin from mod copycats because it already exists in com.copycatsplus.copycats.content.copycat.ladder.CopycatLadderBlock
[218月2026 09:26:33.518] [modloading-worker-0/WARN] [mixin/]: Discarding @Unique public method useItemOn in copycats-neoforge.mixins.json:foundation.copycat.CopycatBlockMixin from mod copycats because it already exists in com.copycatsplus.copycats.content.copycat.ladder.CopycatLadderBlock
[218月2026 09:26:33.518] [modloading-worker-0/WARN] [mixin/]: Discarding @Unique public method useWithoutItem in copycats-neoforge.mixins.json:foundation.copycat.CopycatBlockMixin from mod copycats because it already exists in com.copycatsplus.copycats.content.copycat.ladder.CopycatLadderBlock
[218月2026 09:26:33.557] [modloading-worker-0/WARN] [mixin/]: Discarding @Unique public method rotate in copycats-neoforge.mixins.json:foundation.copycat.CopycatBlockMixin from mod copycats because it already exists in com.copycatsplus.copycats.content.copycat.pressure_plate.CopycatPressurePlateBlock
[218月2026 09:26:33.557] [modloading-worker-0/WARN] [mixin/]: Discarding @Unique public method mirror in copycats-neoforge.mixins.json:foundation.copycat.CopycatBlockMixin from mod copycats because it already exists in com.copycatsplus.copycats.content.copycat.pressure_plate.CopycatPressurePlateBlock
[218月2026 09:26:33.558] [modloading-worker-0/WARN] [mixin/]: Discarding @Unique public method useItemOn in copycats-neoforge.mixins.json:foundation.copycat.CopycatBlockMixin from mod copycats because it already exists in com.copycatsplus.copycats.content.copycat.pressure_plate.CopycatPressurePlateBlock
[218月2026 09:26:33.558] [modloading-worker-0/WARN] [mixin/]: Discarding @Unique public method useWithoutItem in copycats-neoforge.mixins.json:foundation.copycat.CopycatBlockMixin from mod copycats because it already exists in com.copycatsplus.copycats.content.copycat.pressure_plate.CopycatPressurePlateBlock
[218月2026 09:26:33.611] [modloading-worker-0/WARN] [mixin/]: Discarding @Unique public method rotate in copycats-neoforge.mixins.json:foundation.copycat.CopycatBlockMixin from mod copycats because it already exists in com.copycatsplus.copycats.content.copycat.pressure_plate.CopycatWeightedPressurePlate
[218月2026 09:26:33.611] [modloading-worker-0/WARN] [mixin/]: Discarding @Unique public method mirror in copycats-neoforge.mixins.json:foundation.copycat.CopycatBlockMixin from mod copycats because it already exists in com.copycatsplus.copycats.content.copycat.pressure_plate.CopycatWeightedPressurePlate
[218月2026 09:26:33.611] [modloading-worker-0/WARN] [mixin/]: Discarding @Unique public method useItemOn in copycats-neoforge.mixins.json:foundation.copycat.CopycatBlockMixin from mod copycats because it already exists in com.copycatsplus.copycats.content.copycat.pressure_plate.CopycatWeightedPressurePlate
[218月2026 09:26:33.611] [modloading-worker-0/WARN] [mixin/]: Discarding @Unique public method useWithoutItem in copycats-neoforge.mixins.json:foundation.copycat.CopycatBlockMixin from mod copycats because it already exists in com.copycatsplus.copycats.content.copycat.pressure_plate.CopycatWeightedPressurePlate
[218月2026 09:26:33.665] [modloading-worker-0/WARN] [mixin/]: Discarding @Unique public method rotate in copycats-neoforge.mixins.json:foundation.copycat.CopycatBlockMixin from mod copycats because it already exists in com.copycatsplus.copycats.content.copycat.stairs.CopycatStairsBlock
[218月2026 09:26:33.665] [modloading-worker-0/WARN] [mixin/]: Discarding @Unique public method mirror in copycats-neoforge.mixins.json:foundation.copycat.CopycatBlockMixin from mod copycats because it already exists in com.copycatsplus.copycats.content.copycat.stairs.CopycatStairsBlock
[218月2026 09:26:33.666] [modloading-worker-0/WARN] [mixin/]: Discarding @Unique public method useItemOn in copycats-neoforge.mixins.json:foundation.copycat.CopycatBlockMixin from mod copycats because it already exists in com.copycatsplus.copycats.content.copycat.stairs.CopycatStairsBlock
[218月2026 09:26:33.666] [modloading-worker-0/WARN] [mixin/]: Discarding @Unique public method useWithoutItem in copycats-neoforge.mixins.json:foundation.copycat.CopycatBlockMixin from mod copycats because it already exists in com.copycatsplus.copycats.content.copycat.stairs.CopycatStairsBlock
[218月2026 09:26:33.686] [modloading-worker-0/WARN] [mixin/]: Discarding @Unique public method rotate in copycats-neoforge.mixins.json:foundation.copycat.CopycatBlockMixin from mod copycats because it already exists in com.copycatsplus.copycats.content.copycat.trapdoor.CopycatTrapdoorBlock
[218月2026 09:26:33.686] [modloading-worker-0/WARN] [mixin/]: Discarding @Unique public method mirror in copycats-neoforge.mixins.json:foundation.copycat.CopycatBlockMixin from mod copycats because it already exists in com.copycatsplus.copycats.content.copycat.trapdoor.CopycatTrapdoorBlock
[218月2026 09:26:33.686] [modloading-worker-0/WARN] [mixin/]: Discarding @Unique public method useItemOn in copycats-neoforge.mixins.json:foundation.copycat.CopycatBlockMixin from mod copycats because it already exists in com.copycatsplus.copycats.content.copycat.trapdoor.CopycatTrapdoorBlock
[218月2026 09:26:33.692] [modloading-worker-0/WARN] [mixin/]: Discarding @Unique public method useWithoutItem in copycats-neoforge.mixins.json:foundation.copycat.CopycatBlockMixin from mod copycats because it already exists in com.copycatsplus.copycats.content.copycat.trapdoor.CopycatTrapdoorBlock
[218月2026 09:26:33.715] [modloading-worker-0/INFO] [mezz.jei.library.load.PluginCaller/]: Sending ConfigManager...
[218月2026 09:26:33.719] [modloading-worker-0/INFO] [mezz.jei.library.load.PluginCaller/]: Sending ConfigManager took 2.304 milliseconds
[218月2026 09:26:33.721] [modloading-worker-0/INFO] [STDOUT/]: [dev.tr7zw.trender.gui.impl.client.LibGuiClient:onInitializeClient:37]: [TRender] Initializing Client...
[218月2026 09:26:33.768] [modloading-worker-0/WARN] [mixin/]: Discarding @Unique public method rotate in copycats-neoforge.mixins.json:foundation.copycat.CopycatBlockMixin from mod copycats because it already exists in com.copycatsplus.copycats.content.copycat.wall.CopycatWallBlock
[218月2026 09:26:33.768] [modloading-worker-0/WARN] [mixin/]: Discarding @Unique public method mirror in copycats-neoforge.mixins.json:foundation.copycat.CopycatBlockMixin from mod copycats because it already exists in com.copycatsplus.copycats.content.copycat.wall.CopycatWallBlock
[218月2026 09:26:33.768] [modloading-worker-0/WARN] [mixin/]: Discarding @Unique public method useItemOn in copycats-neoforge.mixins.json:foundation.copycat.CopycatBlockMixin from mod copycats because it already exists in com.copycatsplus.copycats.content.copycat.wall.CopycatWallBlock
[218月2026 09:26:33.768] [modloading-worker-0/WARN] [mixin/]: Discarding @Unique public method useWithoutItem in copycats-neoforge.mixins.json:foundation.copycat.CopycatBlockMixin from mod copycats because it already exists in com.copycatsplus.copycats.content.copycat.wall.CopycatWallBlock
[218月2026 09:26:33.870] [modloading-worker-0/INFO] [BowInfinityFix/]: Fix Registered!
[218月2026 09:26:33.914] [modloading-worker-0/WARN] [mixin/]: Discarding @Unique public method rotate in copycats-neoforge.mixins.json:foundation.copycat.CopycatBlockMixin from mod copycats because it already exists in com.copycatsplus.copycats.content.copycat.shaft.CopycatShaftBlock
[218月2026 09:26:33.914] [modloading-worker-0/WARN] [mixin/]: Discarding @Unique public method mirror in copycats-neoforge.mixins.json:foundation.copycat.CopycatBlockMixin from mod copycats because it already exists in com.copycatsplus.copycats.content.copycat.shaft.CopycatShaftBlock
[218月2026 09:26:33.914] [modloading-worker-0/WARN] [mixin/]: Discarding @Unique public method useItemOn in copycats-neoforge.mixins.json:foundation.copycat.CopycatBlockMixin from mod copycats because it already exists in com.copycatsplus.copycats.content.copycat.shaft.CopycatShaftBlock
[218月2026 09:26:33.915] [modloading-worker-0/WARN] [mixin/]: Discarding @Unique public method useWithoutItem in copycats-neoforge.mixins.json:foundation.copycat.CopycatBlockMixin from mod copycats because it already exists in com.copycatsplus.copycats.content.copycat.shaft.CopycatShaftBlock
[218月2026 09:26:33.962] [modloading-worker-0/WARN] [mixin/]: Discarding @Unique public method rotate in copycats-neoforge.mixins.json:foundation.copycat.multistate.MultiStateCopycatBlockMixin from mod copycats because it already exists in com.copycatsplus.copycats.content.copycat.cogwheel.CopycatCogWheelBlock
[218月2026 09:26:33.962] [modloading-worker-0/WARN] [mixin/]: Discarding @Unique public method mirror in copycats-neoforge.mixins.json:foundation.copycat.multistate.MultiStateCopycatBlockMixin from mod copycats because it already exists in com.copycatsplus.copycats.content.copycat.cogwheel.CopycatCogWheelBlock
[218月2026 09:26:33.962] [modloading-worker-0/WARN] [mixin/]: Discarding @Unique public method useItemOn in copycats-neoforge.mixins.json:foundation.copycat.multistate.MultiStateCopycatBlockMixin from mod copycats because it already exists in com.copycatsplus.copycats.content.copycat.cogwheel.CopycatCogWheelBlock
[218月2026 09:26:33.962] [modloading-worker-0/WARN] [mixin/]: Discarding @Unique public method useWithoutItem in copycats-neoforge.mixins.json:foundation.copycat.multistate.MultiStateCopycatBlockMixin from mod copycats because it already exists in com.copycatsplus.copycats.content.copycat.cogwheel.CopycatCogWheelBlock
[218月2026 09:26:34.048] [modloading-worker-0/WARN] [mixin/]: Discarding @Unique public method rotate in copycats-neoforge.mixins.json:foundation.copycat.CopycatBlockMixin from mod copycats because it already exists in com.copycatsplus.copycats.content.copycat.fluid_pipe.CopycatFluidPipeBlock
[218月2026 09:26:34.048] [modloading-worker-0/WARN] [mixin/]: Discarding @Unique public method mirror in copycats-neoforge.mixins.json:foundation.copycat.CopycatBlockMixin from mod copycats because it already exists in com.copycatsplus.copycats.content.copycat.fluid_pipe.CopycatFluidPipeBlock
[218月2026 09:26:34.049] [modloading-worker-0/WARN] [mixin/]: Discarding @Unique public method useItemOn in copycats-neoforge.mixins.json:foundation.copycat.CopycatBlockMixin from mod copycats because it already exists in com.copycatsplus.copycats.content.copycat.fluid_pipe.CopycatFluidPipeBlock
[218月2026 09:26:34.049] [modloading-worker-0/WARN] [mixin/]: Discarding @Unique public method useWithoutItem in copycats-neoforge.mixins.json:foundation.copycat.CopycatBlockMixin from mod copycats because it already exists in com.copycatsplus.copycats.content.copycat.fluid_pipe.CopycatFluidPipeBlock
[218月2026 09:26:34.058] [modloading-worker-0/INFO] [xaero.map.WorldMap/]: Registering common data for channel xaeroworldmap:main!
[218月2026 09:26:34.097] [modloading-worker-0/INFO] [xaero.map.WorldMap/]: Registering client data for channel xaeroworldmap:main!
[218月2026 09:26:34.113] [modloading-worker-0/INFO] [xaero.map.WorldMap/]: Loading primary common config for channel xaeroworldmap:main!
[218月2026 09:26:34.122] [modloading-worker-0/INFO] [xaero.map.WorldMap/]: Loading server config profiles for channel xaeroworldmap:main!
[218月2026 09:26:34.128] [modloading-worker-0/WARN] [mixin/]: Discarding @Unique public method rotate in copycats-neoforge.mixins.json:foundation.copycat.CopycatBlockMixin from mod copycats because it already exists in com.copycatsplus.copycats.content.copycat.pane.CopycatPaneBlock
[218月2026 09:26:34.128] [modloading-worker-0/WARN] [mixin/]: Discarding @Unique public method mirror in copycats-neoforge.mixins.json:foundation.copycat.CopycatBlockMixin from mod copycats because it already exists in com.copycatsplus.copycats.content.copycat.pane.CopycatPaneBlock
[218月2026 09:26:34.128] [modloading-worker-0/WARN] [mixin/]: Discarding @Unique public method useItemOn in copycats-neoforge.mixins.json:foundation.copycat.CopycatBlockMixin from mod copycats because it already exists in com.copycatsplus.copycats.content.copycat.pane.CopycatPaneBlock
[218月2026 09:26:34.128] [modloading-worker-0/WARN] [mixin/]: Discarding @Unique public method useWithoutItem in copycats-neoforge.mixins.json:foundation.copycat.CopycatBlockMixin from mod copycats because it already exists in com.copycatsplus.copycats.content.copycat.pane.CopycatPaneBlock
[218月2026 09:26:34.135] [modloading-worker-0/INFO] [xaero.map.WorldMap/]: Loading primary client config for channel xaeroworldmap:main!
[218月2026 09:26:34.137] [modloading-worker-0/INFO] [net.neoforged.neoforge.common.NeoForgeMod/NEOFORGE-MOD]: NeoForge mod loading, version 21.1.248, for MC 1.21.1
[218月2026 09:26:34.146] [modloading-worker-0/INFO] [xaero.map.WorldMap/]: Loading client config profiles for channel xaeroworldmap:main!
[218月2026 09:26:34.191] [modloading-worker-0/WARN] [mixin/]: Discarding @Unique public method onLoad in copycats-neoforge.mixins.json:foundation.copycat.CopycatBlockEntityMixin from mod copycats because it already exists in com.copycatsplus.copycats.foundation.copycat.CCCopycatBlockEntity
[218月2026 09:26:34.228] [modloading-worker-0/WARN] [mixin/]: Discarding @Unique public method onLoad in copycats-neoforge.mixins.json:foundation.copycat.multistate.MultiStateCopycatBlockEntityMixin from mod copycats because it already exists in com.copycatsplus.copycats.foundation.copycat.multistate.MultiStateCopycatBlockEntity
[218月2026 09:26:34.237] [modloading-worker-0/WARN] [mixin/]: Discarding @Unique public method onLoad in copycats-neoforge.mixins.json:foundation.copycat.CopycatBlockEntityMixin from mod copycats because it already exists in com.copycatsplus.copycats.content.copycat.shaft.CopycatShaftBlockEntity
[218月2026 09:26:34.242] [modloading-worker-0/WARN] [mixin/]: Discarding @Unique public method onLoad in copycats-neoforge.mixins.json:foundation.copycat.multistate.MultiStateCopycatBlockEntityMixin from mod copycats because it already exists in com.copycatsplus.copycats.content.copycat.cogwheel.CopycatCogWheelBlockEntity
[218月2026 09:26:34.253] [modloading-worker-0/WARN] [mixin/]: Discarding @Unique public method onLoad in copycats-neoforge.mixins.json:foundation.copycat.CopycatBlockEntityMixin from mod copycats because it already exists in com.copycatsplus.copycats.content.copycat.fluid_pipe.CopycatFluidPipeBlockEntity
[218月2026 09:26:34.265] [modloading-worker-0/WARN] [mixin/]: Discarding @Unique public method onLoad in copycats-neoforge.mixins.json:foundation.copycat.CopycatBlockEntityMixin from mod copycats because it already exists in com.copycatsplus.copycats.content.copycat.fluid_pipe.CopycatStraightPipeBlockEntity
[218月2026 09:26:34.269] [modloading-worker-0/WARN] [mixin/]: Discarding @Unique public method onLoad in copycats-neoforge.mixins.json:foundation.copycat.CopycatBlockEntityMixin from mod copycats because it already exists in com.copycatsplus.copycats.content.copycat.sliding_door.CopycatSlidingDoorBlockEntity
[218月2026 09:26:34.486] [modloading-worker-0/INFO] [net.blay09.mods.balm.neoforge.config.NeoForgeBalmConfig/]: Registering config for waystones:common (COMMON) with 38 properties.
[218月2026 09:26:34.779] [modloading-worker-0/INFO] [Puzzles Lib/]: Constructing components for pickupnotifier:common
[218月2026 09:26:34.978] [modloading-worker-0/INFO] [Puzzles Lib/]: Dispatching loading event for config pickupnotifier\pickupnotifier-client.toml
[218月2026 09:26:35.668] [modloading-worker-0/INFO] [Puzzles Lib/]: Constructing components for pickupnotifier:client
[218月2026 09:26:36.058] [modloading-worker-0/WARN] [mixin/]: Discarding @Unique public method onLoad in copycats-common.mixins.json:foundation.copycat.CopycatBlockEntityMixin from mod copycats because it already exists in com.simibubi.create.content.decoration.copycat.CopycatBlockEntity
[218月2026 09:26:36.359] [modloading-worker-0/INFO] [me.wesley1808.servercore.common.ServerCore/]: [ServerCore] Loaded V1.5.19+1.21.1!
[218月2026 09:26:36.428] [modloading-worker-0/INFO] [thedarkcolour.kotlinforforge.neoforge.test.KotlinForForge/]: Kotlin For Forge Enabled!
[218月2026 09:26:36.447] [modloading-worker-0/INFO] [com.simibubi.create.Create/]: Create 6.0.10 initializing! Commit hash: ac0c444d9828da3453ae8cc65338e8de063286fb
[218月2026 09:26:36.515] [modloading-worker-0/INFO] [xaero.hud.minimap.MinimapLogs/]: Xaero's Minimap: World Map found!
[218月2026 09:26:36.517] [modloading-worker-0/INFO] [xaero.hud.minimap.MinimapLogs/]: No Optifine!
[218月2026 09:26:36.517] [modloading-worker-0/INFO] [xaero.hud.minimap.MinimapLogs/]: Xaero's Minimap: No Vivecraft!
[218月2026 09:26:36.518] [modloading-worker-0/INFO] [xaero.hud.minimap.MinimapLogs/]: Xaero's Minimap: Iris found!
[218月2026 09:26:36.520] [modloading-worker-0/INFO] [xaero.hud.minimap.MinimapLogs/]: Xaero's Minimap: Waystones found!
[218月2026 09:26:36.538] [modloading-worker-0/INFO] [xaero.common.HudMod/]: Registering common data for channel xaerominimap:main!
[218月2026 09:26:36.576] [modloading-worker-0/INFO] [xaero.common.HudMod/]: Registering client data for channel xaerominimap:main!
[218月2026 09:26:36.602] [modloading-worker-0/INFO] [fzzy_config/]: Loaded config fzzy_config:keybinds in 1139ms
[218月2026 09:26:36.606] [modloading-worker-0/INFO] [xaero.common.HudMod/]: Loading primary common config for channel xaerominimap:main!
[218月2026 09:26:36.622] [modloading-worker-0/INFO] [xaero.common.HudMod/]: Loading server config profiles for channel xaerominimap:main!
[218月2026 09:26:36.640] [modloading-worker-0/INFO] [xaero.common.HudMod/]: Loading primary client config for channel xaerominimap:main!
[218月2026 09:26:36.649] [modloading-worker-0/INFO] [xaero.common.HudMod/]: Loading client config profiles for channel xaerominimap:main!
[218月2026 09:26:36.735] [modloading-worker-0/INFO] [Inventory Profiles Next/]: [Inventory Profiles Next] Inventory Profiles Next - init in Kotlin
[218月2026 09:26:36.792] [modloading-worker-0/INFO] [com.cupboard.Cupboard/]: Loaded config for: cupboard.json
[218月2026 09:26:36.807] [modloading-worker-0/INFO] [Puzzles Lib/]: Constructing components for puzzleslib:common
[218月2026 09:26:36.813] [modloading-worker-0/INFO] [Puzzles Lib/]: Constructing components for puzzleslib:client
[218月2026 09:26:37.011] [modloading-worker-0/INFO] [me.treyruffy.betterf3.BetterF3NeoForge/]: [BetterF3] Starting...
[218月2026 09:26:37.019] [modloading-worker-0/INFO] [me.treyruffy.betterf3.BetterF3NeoForge/]: [BetterF3] Loading...
[218月2026 09:26:37.111] [modloading-worker-0/INFO] [me.treyruffy.betterf3.BetterF3NeoForge/]: [BetterF3] All done!
[218月2026 09:26:37.145] [modloading-worker-0/INFO] [fzzy_config/]: Loaded config :particle_core_config in 230ms
[218月2026 09:26:37.170] [modloading-worker-0/WARN] [io.github.reserveword.imblocker.common.IMBlockerCore/]: [IMBlocker] Class com.enxv.aeronauticsstructuretool.ToolModeScreen not found, ignored.
[218月2026 09:26:37.173] [modloading-worker-0/WARN] [io.github.reserveword.imblocker.common.IMBlockerCore/]: [IMBlocker] Class net.mehvahdjukaar.supplementaries.client.screens.TextHolderEditScreen not found, ignored.
[218月2026 09:26:37.180] [modloading-worker-0/WARN] [io.github.reserveword.imblocker.common.IMBlockerCore/]: [IMBlocker] Class dev.simulated_team.simulated.content.blocks.nameplate.NameplateScreen not found, ignored.
[218月2026 09:26:37.182] [modloading-worker-0/INFO] [io.github.reserveword.imblocker.common.IMBlockerCore/]: [IMBlocker] bakelist screenWhitelist result [class com.simibubi.create.content.equipment.clipboard.ClipboardScreen, class net.minecraft.client.gui.screens.inventory.BookEditScreen, class net.minecraft.client.gui.screens.inventory.AbstractSignEditScreen]
[218月2026 09:26:37.273] [modloading-worker-0/WARN] [mixin/]: @Inject(@At("INVOKE")) Shift.BY=2 on create_connected.mixins.json:sequencedgearshift.SequencedGearshiftScreenMixin from mod create_connected::handler$cfl000$create_connected$updateParamsOfRow exceeds the maximum allowed value: 0. Increase the value of maxShiftBy to suppress this warning.
[218月2026 09:26:37.776] [modloading-worker-0/WARN] [mixin/]: Discarding @Unique public method useItemOn in copycats-common.mixins.json:copycat.step.CopycatStepBlockMixin from mod copycats because it already exists in com.simibubi.create.content.decoration.copycat.CopycatStepBlock
[218月2026 09:26:37.791] [modloading-worker-0/WARN] [mixin/]: Discarding @Unique public method useItemOn in copycats-common.mixins.json:copycat.panel.CopycatPanelBlockMixin from mod copycats because it already exists in com.simibubi.create.content.decoration.copycat.CopycatPanelBlock
[218月2026 09:26:37.791] [modloading-worker-0/WARN] [mixin/]: Discarding @Unique public method mirror in copycats-common.mixins.json:copycat.panel.CopycatPanelBlockMixin from mod copycats because it already exists in com.simibubi.create.content.decoration.copycat.CopycatPanelBlock
[218月2026 09:26:37.791] [modloading-worker-0/WARN] [mixin/]: Discarding @Unique public method rotate in copycats-common.mixins.json:copycat.panel.CopycatPanelBlockMixin from mod copycats because it already exists in com.simibubi.create.content.decoration.copycat.CopycatPanelBlock
[218月2026 09:26:43.406] [modloading-sync-worker/INFO] [com.tom.createores.CreateOreExcavation/]: Loaded Create Ore Excavation config file createoreexcavation-common.toml
[218月2026 09:26:44.856] [Render thread/INFO] [Iris/]: Hardware information:
[218月2026 09:26:44.856] [Render thread/INFO] [Iris/]: CPU: 4x Intel(R) Core(TM) i5-7200U CPU @ 2.50GHz
[218月2026 09:26:44.857] [Render thread/INFO] [Iris/]: GPU: NVIDIA GeForce 940MX/PCIe/SSE2 (Supports OpenGL 4.6.0 NVIDIA 582.66)
[218月2026 09:26:44.857] [Render thread/INFO] [Iris/]: OS: Windows 10 (10.0)
[218月2026 09:26:46.227] [Render thread/INFO] [net.minecraft.server.packs.resources.ReloadableResourceManager/]: Reloading ResourceManager: vanilla, mod_resources, mod/sodium, mod/create_tweaked_controllers, mod/createnuclear, mod/kuma_api, mod/fabric_renderer_api_v1, mod/copycats, mod/jei, mod/lithium, mod/xaerolib, mod/trender, mod/sophisticatedcore, mod/traderefresh, mod/bowinfinityfix, mod/taxfreelevels, mod/waystones, mod/clumps, mod/controlling, mod/jrftl, mod/xaeroworldmap, mod/neoforge, mod/modernfix, mod/fabric_block_view_api_v2, mod/badpackets, mod/yungsapi, mod/iris, mod/sophisticatedbackpacks, mod/tweakerge,tweakeroo, mod/createdieselgenerators, mod/pickupnotifier, mod/balm, mod/carryon, mod/cloth_config, mod/fzzy_config, mod/create_connected, mod/libipn, mod/fabric_api_base, mod/createoreexcavation, mod/jade, mod/mafglib,malilib, mod/chunky, mod/createendertransmission, mod/servercore, mod/kotlinforforge, mod/spark, mod/iceberg, mod/advancementplaques, mod/highlighter, mod/flywheel, mod/ponder, mod/create, mod/createcasing, mod/sablecompanion, mod/curios, mod/xaerominimap, mod/polymorph, mod/searchables, mod/torcherino, mod/jecharacters, mod/entityculling, mod/ftbultimine, mod/inventoryprofilesnext, mod/appleskin, mod/architectury, mod/ftblibrary, mod/enderitemod, mod/ferritecore, mod/cupboard, mod/conditional_mixin, mod/transition, mod/puzzleslib, mod/dynamic_fps, mod/betterendisland, mod/fabric_rendering_data_attachment_v1, mod/betterf3, mod/fabric_networking_api_v1, mod/particle_core, mod/shulkerboxtooltip, mod/stonereverser, mod/imblocker
[218月2026 09:26:47.006] [Worker-ResourceReload-0/INFO] [net.minecraft.client.gui.font.providers.UnihexProvider/]: Found unifont_all_no_pua-15.1.05.hex, loading
[218月2026 09:26:47.991] [Worker-ResourceReload-0/INFO] [net.minecraft.client.gui.font.providers.UnihexProvider/]: Found unifont_jp_patch-15.1.05.hex, loading
[218月2026 09:26:49.358] [Worker-ResourceReload-0/INFO] [xaero.lib.XaeroLib/]: Loading XaeroLib common 1/2!
[218月2026 09:26:49.426] [Worker-ResourceReload-0/INFO] [com.tom.createores.CreateOreExcavation/]: Create Ore Excavation starting
[218月2026 09:26:49.733] [Render thread/INFO] [ShulkerBoxTooltip/]: [ShulkerBoxTooltip] Could not find configuration file, creating default file
[218月2026 09:26:49.784] [Worker-ResourceReload-2/INFO] [xaero.lib.XaeroLib/]: Loading XaeroLib client 1/2!
[218月2026 09:26:49.791] [Worker-ResourceReload-1/INFO] [xaero.map.WorldMap/]: Loading Xaero's World Map - Stage 1/2
[218月2026 09:26:50.265] [Worker-ResourceReload-1/INFO] [org.anti_ad.mc.common.LogBase/]: [libIPN] Initializing client...
[218月2026 09:26:50.369] [Worker-ResourceReload-1/INFO] [org.anti_ad.mc.common.LogBase/]: [libIPN] libIPN - init in Kotlin
[218月2026 09:26:50.670] [NeoForge Version Check/INFO] [net.neoforged.fml.VersionChecker/]: [copycats] Starting version check at https://raw.githubusercontent.com/copycats-plus/copycats/multiloader/update.json
[218月2026 09:26:51.432] [Worker-ResourceReload-1/INFO] [xaero.minimap.XaeroMinimap/]: Loading Xaero's Minimap - Stage 1/2
[218月2026 09:26:51.946] [Render thread/INFO] [xaero.map.WorldMap/]: Loading Xaero's World Map - Stage 2/2
[218月2026 09:26:51.954] [Render thread/INFO] [xaero.map.WorldMap/]: New world map region cache hash code: 536566057
[218月2026 09:26:51.981] [NeoForge Version Check/WARN] [net.neoforged.fml.VersionChecker/]: Failed to process update information
javax.net.ssl.SSLHandshakeException: PKIX path building failed: sun.security.provider.certpath.SunCertPathBuilderException: unable to find valid certification path to requested target
	at java.net.http/jdk.internal.net.http.HttpClientImpl.send(HttpClientImpl.java:957) ~[java.net.http:?]
	at java.net.http/jdk.internal.net.http.HttpClientFacade.send(HttpClientFacade.java:133) ~[java.net.http:?]
	at MC-BOOTSTRAP/fml_loader@4.0.43/net.neoforged.fml.VersionChecker$1.openUrlString(VersionChecker.java:129) ~[loader-4.0.43.jar%23161!/:4.0]
	at MC-BOOTSTRAP/fml_loader@4.0.43/net.neoforged.fml.VersionChecker$1.process(VersionChecker.java:162) ~[loader-4.0.43.jar%23161!/:4.0]
	at java.base/java.lang.Iterable.forEach(Iterable.java:75) [?:?]
	at MC-BOOTSTRAP/fml_loader@4.0.43/net.neoforged.fml.VersionChecker$1.run(VersionChecker.java:105) [loader-4.0.43.jar%23161!/:4.0]
Caused by: javax.net.ssl.SSLHandshakeException: PKIX path building failed: sun.security.provider.certpath.SunCertPathBuilderException: unable to find valid certification path to requested target
	at java.base/sun.security.ssl.Alert.createSSLException(Alert.java:130) ~[?:?]
	at java.base/sun.security.ssl.TransportContext.fatal(TransportContext.java:383) ~[?:?]
	at java.base/sun.security.ssl.TransportContext.fatal(TransportContext.java:326) ~[?:?]
	at java.base/sun.security.ssl.TransportContext.fatal(TransportContext.java:321) ~[?:?]
	at java.base/sun.security.ssl.CertificateMessage$T12CertificateConsumer.checkServerCerts(CertificateMessage.java:647) ~[?:?]
	at java.base/sun.security.ssl.CertificateMessage$T12CertificateConsumer.onCertificate(CertificateMessage.java:467) ~[?:?]
	at java.base/sun.security.ssl.CertificateMessage$T12CertificateConsumer.consume(CertificateMessage.java:363) ~[?:?]
	at java.base/sun.security.ssl.SSLHandshake.consume(SSLHandshake.java:393) ~[?:?]
	at java.base/sun.security.ssl.HandshakeContext.dispatch(HandshakeContext.java:476) ~[?:?]
	at java.base/sun.security.ssl.SSLEngineImpl$DelegatedTask$DelegatedAction.run(SSLEngineImpl.java:1273) ~[?:?]
	at java.base/sun.security.ssl.SSLEngineImpl$DelegatedTask$DelegatedAction.run(SSLEngineImpl.java:1260) ~[?:?]
	at java.base/java.security.AccessController.doPrivileged(AccessController.java:714) ~[?:?]
	at java.base/sun.security.ssl.SSLEngineImpl$DelegatedTask.run(SSLEngineImpl.java:1205) ~[?:?]
	at java.base/java.util.ArrayList.forEach(ArrayList.java:1596) ~[?:?]
	at java.net.http/jdk.internal.net.http.common.SSLFlowDelegate.lambda$executeTasks$3(SSLFlowDelegate.java:1148) ~[java.net.http:?]
	at java.net.http/jdk.internal.net.http.HttpClientImpl$DelegatingExecutor.execute(HttpClientImpl.java:177) ~[java.net.http:?]
	at java.net.http/jdk.internal.net.http.common.SSLFlowDelegate.executeTasks(SSLFlowDelegate.java:1143) ~[java.net.http:?]
	at java.net.http/jdk.internal.net.http.common.SSLFlowDelegate.doHandshake(SSLFlowDelegate.java:1109) ~[java.net.http:?]
	at java.net.http/jdk.internal.net.http.common.SSLFlowDelegate$Reader.processData(SSLFlowDelegate.java:508) ~[java.net.http:?]
	at java.net.http/jdk.internal.net.http.common.SSLFlowDelegate$Reader$ReaderDownstreamPusher.run(SSLFlowDelegate.java:283) ~[java.net.http:?]
	at java.net.http/jdk.internal.net.http.common.SequentialScheduler$LockingRestartableTask.run(SequentialScheduler.java:182) ~[java.net.http:?]
	at java.net.http/jdk.internal.net.http.common.SequentialScheduler$CompleteRestartableTask.run(SequentialScheduler.java:149) ~[java.net.http:?]
	at java.net.http/jdk.internal.net.http.common.SequentialScheduler$SchedulableTask.run(SequentialScheduler.java:207) ~[java.net.http:?]
	at java.base/java.util.concurrent.ThreadPoolExecutor.runWorker(ThreadPoolExecutor.java:1144) ~[?:?]
	at java.base/java.util.concurrent.ThreadPoolExecutor$Worker.run(ThreadPoolExecutor.java:642) ~[?:?]
	at java.base/java.lang.Thread.run(Thread.java:1583) ~[?:?]
Caused by: sun.security.validator.ValidatorException: PKIX path building failed: sun.security.provider.certpath.SunCertPathBuilderException: unable to find valid certification path to requested target
	at java.base/sun.security.validator.PKIXValidator.doBuild(PKIXValidator.java:388) ~[?:?]
	at java.base/sun.security.validator.PKIXValidator.engineValidate(PKIXValidator.java:271) ~[?:?]
	at java.base/sun.security.validator.Validator.validate(Validator.java:256) ~[?:?]
	at java.base/sun.security.ssl.X509TrustManagerImpl.checkTrusted(X509TrustManagerImpl.java:284) ~[?:?]
	at java.base/sun.security.ssl.X509TrustManagerImpl.checkServerTrusted(X509TrustManagerImpl.java:144) ~[?:?]
	at java.base/sun.security.ssl.CertificateMessage$T12CertificateConsumer.checkServerCerts(CertificateMessage.java:625) ~[?:?]
	at java.base/sun.security.ssl.CertificateMessage$T12CertificateConsumer.onCertificate(CertificateMessage.java:467) ~[?:?]
	at java.base/sun.security.ssl.CertificateMessage$T12CertificateConsumer.consume(CertificateMessage.java:363) ~[?:?]
	at java.base/sun.security.ssl.SSLHandshake.consume(SSLHandshake.java:393) ~[?:?]
	at java.base/sun.security.ssl.HandshakeContext.dispatch(HandshakeContext.java:476) ~[?:?]
	at java.base/sun.security.ssl.SSLEngineImpl$DelegatedTask$DelegatedAction.run(SSLEngineImpl.java:1273) ~[?:?]
	at java.base/sun.security.ssl.SSLEngineImpl$DelegatedTask$DelegatedAction.run(SSLEngineImpl.java:1260) ~[?:?]
	at java.base/java.security.AccessController.doPrivileged(AccessController.java:714) ~[?:?]
	at java.base/sun.security.ssl.SSLEngineImpl$DelegatedTask.run(SSLEngineImpl.java:1205) ~[?:?]
	at java.base/java.util.ArrayList.forEach(ArrayList.java:1596) ~[?:?]
	at java.net.http/jdk.internal.net.http.common.SSLFlowDelegate.lambda$executeTasks$3(SSLFlowDelegate.java:1148) ~[java.net.http:?]
	at java.net.http/jdk.internal.net.http.HttpClientImpl$DelegatingExecutor.execute(HttpClientImpl.java:177) ~[java.net.http:?]
	at java.net.http/jdk.internal.net.http.common.SSLFlowDelegate.executeTasks(SSLFlowDelegate.java:1143) ~[java.net.http:?]
	at java.net.http/jdk.internal.net.http.common.SSLFlowDelegate.doHandshake(SSLFlowDelegate.java:1109) ~[java.net.http:?]
	at java.net.http/jdk.internal.net.http.common.SSLFlowDelegate$Reader.processData(SSLFlowDelegate.java:508) ~[java.net.http:?]
	at java.net.http/jdk.internal.net.http.common.SSLFlowDelegate$Reader$ReaderDownstreamPusher.run(SSLFlowDelegate.java:283) ~[java.net.http:?]
	at java.net.http/jdk.internal.net.http.common.SequentialScheduler$LockingRestartableTask.run(SequentialScheduler.java:182) ~[java.net.http:?]
	at java.net.http/jdk.internal.net.http.common.SequentialScheduler$CompleteRestartableTask.run(SequentialScheduler.java:149) ~[java.net.http:?]
	at java.net.http/jdk.internal.net.http.common.SequentialScheduler$SchedulableTask.run(SequentialScheduler.java:207) ~[java.net.http:?]
	at java.base/java.util.concurrent.ThreadPoolExecutor.runWorker(ThreadPoolExecutor.java:1144) ~[?:?]
	at java.base/java.util.concurrent.ThreadPoolExecutor$Worker.run(ThreadPoolExecutor.java:642) ~[?:?]
	at java.base/java.lang.Thread.run(Thread.java:1583) ~[?:?]
Caused by: sun.security.provider.certpath.SunCertPathBuilderException: unable to find valid certification path to requested target
	at java.base/sun.security.provider.certpath.SunCertPathBuilder.build(SunCertPathBuilder.java:148) ~[?:?]
	at java.base/sun.security.provider.certpath.SunCertPathBuilder.engineBuild(SunCertPathBuilder.java:129) ~[?:?]
	at java.base/java.security.cert.CertPathBuilder.build(CertPathBuilder.java:297) ~[?:?]
	at java.base/sun.security.validator.PKIXValidator.doBuild(PKIXValidator.java:383) ~[?:?]
	at java.base/sun.security.validator.PKIXValidator.engineValidate(PKIXValidator.java:271) ~[?:?]
	at java.base/sun.security.validator.Validator.validate(Validator.java:256) ~[?:?]
	at java.base/sun.security.ssl.X509TrustManagerImpl.checkTrusted(X509TrustManagerImpl.java:284) ~[?:?]
	at java.base/sun.security.ssl.X509TrustManagerImpl.checkServerTrusted(X509TrustManagerImpl.java:144) ~[?:?]
	at java.base/sun.security.ssl.CertificateMessage$T12CertificateConsumer.checkServerCerts(CertificateMessage.java:625) ~[?:?]
	at java.base/sun.security.ssl.CertificateMessage$T12CertificateConsumer.onCertificate(CertificateMessage.java:467) ~[?:?]
	at java.base/sun.security.ssl.CertificateMessage$T12CertificateConsumer.consume(CertificateMessage.java:363) ~[?:?]
	at java.base/sun.security.ssl.SSLHandshake.consume(SSLHandshake.java:393) ~[?:?]
	at java.base/sun.security.ssl.HandshakeContext.dispatch(HandshakeContext.java:476) ~[?:?]
	at java.base/sun.security.ssl.SSLEngineImpl$DelegatedTask$DelegatedAction.run(SSLEngineImpl.java:1273) ~[?:?]
	at java.base/sun.security.ssl.SSLEngineImpl$DelegatedTask$DelegatedAction.run(SSLEngineImpl.java:1260) ~[?:?]
	at java.base/java.security.AccessController.doPrivileged(AccessController.java:714) ~[?:?]
	at java.base/sun.security.ssl.SSLEngineImpl$DelegatedTask.run(SSLEngineImpl.java:1205) ~[?:?]
	at java.base/java.util.ArrayList.forEach(ArrayList.java:1596) ~[?:?]
	at java.net.http/jdk.internal.net.http.common.SSLFlowDelegate.lambda$executeTasks$3(SSLFlowDelegate.java:1148) ~[java.net.http:?]
	at java.net.http/jdk.internal.net.http.HttpClientImpl$DelegatingExecutor.execute(HttpClientImpl.java:177) ~[java.net.http:?]
	at java.net.http/jdk.internal.net.http.common.SSLFlowDelegate.executeTasks(SSLFlowDelegate.java:1143) ~[java.net.http:?]
	at java.net.http/jdk.internal.net.http.common.SSLFlowDelegate.doHandshake(SSLFlowDelegate.java:1109) ~[java.net.http:?]
	at java.net.http/jdk.internal.net.http.common.SSLFlowDelegate$Reader.processData(SSLFlowDelegate.java:508) ~[java.net.http:?]
	at java.net.http/jdk.internal.net.http.common.SSLFlowDelegate$Reader$ReaderDownstreamPusher.run(SSLFlowDelegate.java:283) ~[java.net.http:?]
	at java.net.http/jdk.internal.net.http.common.SequentialScheduler$LockingRestartableTask.run(SequentialScheduler.java:182) ~[java.net.http:?]
	at java.net.http/jdk.internal.net.http.common.SequentialScheduler$CompleteRestartableTask.run(SequentialScheduler.java:149) ~[java.net.http:?]
	at java.net.http/jdk.internal.net.http.common.SequentialScheduler$SchedulableTask.run(SequentialScheduler.java:207) ~[java.net.http:?]
	at java.base/java.util.concurrent.ThreadPoolExecutor.runWorker(ThreadPoolExecutor.java:1144) ~[?:?]
	at java.base/java.util.concurrent.ThreadPoolExecutor$Worker.run(ThreadPoolExecutor.java:642) ~[?:?]
	at java.base/java.lang.Thread.run(Thread.java:1583) ~[?:?]
[218月2026 09:26:51.985] [NeoForge Version Check/INFO] [net.neoforged.fml.VersionChecker/]: [clumps] Starting version check at https://updates.blamejared.com/get?n=clumps&gv=1.21.1&ml=neoforge
[218月2026 09:26:52.312] [Worker-ResourceReload-0/WARN] [net.minecraft.client.resources.model.ModelBakery/]: Unable to load model: 'createcasing:block/shaft/andesite' referenced from: createcasing:block/shaft/andesite: java.io.FileNotFoundException: createcasing:models/block/shaft/andesite.json
[218月2026 09:26:52.943] [Render thread/INFO] [xaero.map.WorldMap/]: Registered player tracker system: map_synced
[218月2026 09:26:52.949] [Render thread/INFO] [xaero.map.WorldMap/]: Xaero's WorldMap Mod: Xaero's minimap found!
[218月2026 09:26:52.956] [Render thread/INFO] [xaero.map.WorldMap/]: Registered player tracker system: minimap_synced
[218月2026 09:26:52.956] [Render thread/INFO] [xaero.map.WorldMap/]: No Optifine!
[218月2026 09:26:52.956] [Render thread/INFO] [xaero.map.WorldMap/]: Xaero's World Map: No Vivecraft!
[218月2026 09:26:52.957] [Render thread/INFO] [xaero.map.WorldMap/]: Xaero's World Map: Iris found!
[218月2026 09:26:53.096] [NeoForge Version Check/INFO] [net.neoforged.fml.VersionChecker/]: [clumps] Found status: BETA Current: 19.0.0.1 Target: 19.0.0.1
[218月2026 09:26:53.097] [NeoForge Version Check/INFO] [net.neoforged.fml.VersionChecker/]: [controlling] Starting version check at https://updates.blamejared.com/get?n=controlling&gv=1.21.1&ml=neoforge
[218月2026 09:26:53.099] [Render thread/WARN] [net.neoforged.fml.DeferredWorkQueue/LOADING]: Mod 'xaeroworldmap' took 1.152 s to run a deferred task.
[218月2026 09:26:53.130] [Render thread/INFO] [xaero.minimap.XaeroMinimap/]: Loading Xaero's Minimap - Stage 2/2
[218月2026 09:26:53.312] [NeoForge Version Check/INFO] [net.neoforged.fml.VersionChecker/]: [controlling] Found status: BETA Current: 19.0.5 Target: 19.0.5
[218月2026 09:26:53.312] [NeoForge Version Check/INFO] [net.neoforged.fml.VersionChecker/]: [pickupnotifier] Starting version check at https://raw.githubusercontent.com/Fuzss/modresources/main/update/pickupnotifier.json
[218月2026 09:26:53.484] [NeoForge Version Check/WARN] [net.neoforged.fml.VersionChecker/]: Failed to process update information
javax.net.ssl.SSLHandshakeException: PKIX path building failed: sun.security.provider.certpath.SunCertPathBuilderException: unable to find valid certification path to requested target
	at java.net.http/jdk.internal.net.http.HttpClientImpl.send(HttpClientImpl.java:957) ~[java.net.http:?]
	at java.net.http/jdk.internal.net.http.HttpClientFacade.send(HttpClientFacade.java:133) ~[java.net.http:?]
	at MC-BOOTSTRAP/fml_loader@4.0.43/net.neoforged.fml.VersionChecker$1.openUrlString(VersionChecker.java:129) ~[loader-4.0.43.jar%23161!/:4.0]
	at MC-BOOTSTRAP/fml_loader@4.0.43/net.neoforged.fml.VersionChecker$1.process(VersionChecker.java:162) ~[loader-4.0.43.jar%23161!/:4.0]
	at java.base/java.lang.Iterable.forEach(Iterable.java:75) [?:?]
	at MC-BOOTSTRAP/fml_loader@4.0.43/net.neoforged.fml.VersionChecker$1.run(VersionChecker.java:105) [loader-4.0.43.jar%23161!/:4.0]
Caused by: javax.net.ssl.SSLHandshakeException: PKIX path building failed: sun.security.provider.certpath.SunCertPathBuilderException: unable to find valid certification path to requested target
	at java.base/sun.security.ssl.Alert.createSSLException(Alert.java:130) ~[?:?]
	at java.base/sun.security.ssl.TransportContext.fatal(TransportContext.java:383) ~[?:?]
	at java.base/sun.security.ssl.TransportContext.fatal(TransportContext.java:326) ~[?:?]
	at java.base/sun.security.ssl.TransportContext.fatal(TransportContext.java:321) ~[?:?]
	at java.base/sun.security.ssl.CertificateMessage$T12CertificateConsumer.checkServerCerts(CertificateMessage.java:647) ~[?:?]
	at java.base/sun.security.ssl.CertificateMessage$T12CertificateConsumer.onCertificate(CertificateMessage.java:467) ~[?:?]
	at java.base/sun.security.ssl.CertificateMessage$T12CertificateConsumer.consume(CertificateMessage.java:363) ~[?:?]
	at java.base/sun.security.ssl.SSLHandshake.consume(SSLHandshake.java:393) ~[?:?]
	at java.base/sun.security.ssl.HandshakeContext.dispatch(HandshakeContext.java:476) ~[?:?]
	at java.base/sun.security.ssl.SSLEngineImpl$DelegatedTask$DelegatedAction.run(SSLEngineImpl.java:1273) ~[?:?]
	at java.base/sun.security.ssl.SSLEngineImpl$DelegatedTask$DelegatedAction.run(SSLEngineImpl.java:1260) ~[?:?]
	at java.base/java.security.AccessController.doPrivileged(AccessController.java:714) ~[?:?]
	at java.base/sun.security.ssl.SSLEngineImpl$DelegatedTask.run(SSLEngineImpl.java:1205) ~[?:?]
	at java.base/java.util.ArrayList.forEach(ArrayList.java:1596) ~[?:?]
	at java.net.http/jdk.internal.net.http.common.SSLFlowDelegate.lambda$executeTasks$3(SSLFlowDelegate.java:1148) ~[java.net.http:?]
	at java.net.http/jdk.internal.net.http.HttpClientImpl$DelegatingExecutor.execute(HttpClientImpl.java:177) ~[java.net.http:?]
	at java.net.http/jdk.internal.net.http.common.SSLFlowDelegate.executeTasks(SSLFlowDelegate.java:1143) ~[java.net.http:?]
	at java.net.http/jdk.internal.net.http.common.SSLFlowDelegate.doHandshake(SSLFlowDelegate.java:1109) ~[java.net.http:?]
	at java.net.http/jdk.internal.net.http.common.SSLFlowDelegate$Reader.processData(SSLFlowDelegate.java:508) ~[java.net.http:?]
	at java.net.http/jdk.internal.net.http.common.SSLFlowDelegate$Reader$ReaderDownstreamPusher.run(SSLFlowDelegate.java:283) ~[java.net.http:?]
	at java.net.http/jdk.internal.net.http.common.SequentialScheduler$LockingRestartableTask.run(SequentialScheduler.java:182) ~[java.net.http:?]
	at java.net.http/jdk.internal.net.http.common.SequentialScheduler$CompleteRestartableTask.run(SequentialScheduler.java:149) ~[java.net.http:?]
	at java.net.http/jdk.internal.net.http.common.SequentialScheduler$SchedulableTask.run(SequentialScheduler.java:207) ~[java.net.http:?]
	at java.base/java.util.concurrent.ThreadPoolExecutor.runWorker(ThreadPoolExecutor.java:1144) ~[?:?]
	at java.base/java.util.concurrent.ThreadPoolExecutor$Worker.run(ThreadPoolExecutor.java:642) ~[?:?]
	at java.base/java.lang.Thread.run(Thread.java:1583) ~[?:?]
Caused by: sun.security.validator.ValidatorException: PKIX path building failed: sun.security.provider.certpath.SunCertPathBuilderException: unable to find valid certification path to requested target
	at java.base/sun.security.validator.PKIXValidator.doBuild(PKIXValidator.java:388) ~[?:?]
	at java.base/sun.security.validator.PKIXValidator.engineValidate(PKIXValidator.java:271) ~[?:?]
	at java.base/sun.security.validator.Validator.validate(Validator.java:256) ~[?:?]
	at java.base/sun.security.ssl.X509TrustManagerImpl.checkTrusted(X509TrustManagerImpl.java:284) ~[?:?]
	at java.base/sun.security.ssl.X509TrustManagerImpl.checkServerTrusted(X509TrustManagerImpl.java:144) ~[?:?]
	at java.base/sun.security.ssl.CertificateMessage$T12CertificateConsumer.checkServerCerts(CertificateMessage.java:625) ~[?:?]
	at java.base/sun.security.ssl.CertificateMessage$T12CertificateConsumer.onCertificate(CertificateMessage.java:467) ~[?:?]
	at java.base/sun.security.ssl.CertificateMessage$T12CertificateConsumer.consume(CertificateMessage.java:363) ~[?:?]
	at java.base/sun.security.ssl.SSLHandshake.consume(SSLHandshake.java:393) ~[?:?]
	at java.base/sun.security.ssl.HandshakeContext.dispatch(HandshakeContext.java:476) ~[?:?]
	at java.base/sun.security.ssl.SSLEngineImpl$DelegatedTask$DelegatedAction.run(SSLEngineImpl.java:1273) ~[?:?]
	at java.base/sun.security.ssl.SSLEngineImpl$DelegatedTask$DelegatedAction.run(SSLEngineImpl.java:1260) ~[?:?]
	at java.base/java.security.AccessController.doPrivileged(AccessController.java:714) ~[?:?]
	at java.base/sun.security.ssl.SSLEngineImpl$DelegatedTask.run(SSLEngineImpl.java:1205) ~[?:?]
	at java.base/java.util.ArrayList.forEach(ArrayList.java:1596) ~[?:?]
	at java.net.http/jdk.internal.net.http.common.SSLFlowDelegate.lambda$executeTasks$3(SSLFlowDelegate.java:1148) ~[java.net.http:?]
	at java.net.http/jdk.internal.net.http.HttpClientImpl$DelegatingExecutor.execute(HttpClientImpl.java:177) ~[java.net.http:?]
	at java.net.http/jdk.internal.net.http.common.SSLFlowDelegate.executeTasks(SSLFlowDelegate.java:1143) ~[java.net.http:?]
	at java.net.http/jdk.internal.net.http.common.SSLFlowDelegate.doHandshake(SSLFlowDelegate.java:1109) ~[java.net.http:?]
	at java.net.http/jdk.internal.net.http.common.SSLFlowDelegate$Reader.processData(SSLFlowDelegate.java:508) ~[java.net.http:?]
	at java.net.http/jdk.internal.net.http.common.SSLFlowDelegate$Reader$ReaderDownstreamPusher.run(SSLFlowDelegate.java:283) ~[java.net.http:?]
	at java.net.http/jdk.internal.net.http.common.SequentialScheduler$LockingRestartableTask.run(SequentialScheduler.java:182) ~[java.net.http:?]
	at java.net.http/jdk.internal.net.http.common.SequentialScheduler$CompleteRestartableTask.run(SequentialScheduler.java:149) ~[java.net.http:?]
	at java.net.http/jdk.internal.net.http.common.SequentialScheduler$SchedulableTask.run(SequentialScheduler.java:207) ~[java.net.http:?]
	at java.base/java.util.concurrent.ThreadPoolExecutor.runWorker(ThreadPoolExecutor.java:1144) ~[?:?]
	at java.base/java.util.concurrent.ThreadPoolExecutor$Worker.run(ThreadPoolExecutor.java:642) ~[?:?]
	at java.base/java.lang.Thread.run(Thread.java:1583) ~[?:?]
Caused by: sun.security.provider.certpath.SunCertPathBuilderException: unable to find valid certification path to requested target
	at java.base/sun.security.provider.certpath.SunCertPathBuilder.build(SunCertPathBuilder.java:148) ~[?:?]
	at java.base/sun.security.provider.certpath.SunCertPathBuilder.engineBuild(SunCertPathBuilder.java:129) ~[?:?]
	at java.base/java.security.cert.CertPathBuilder.build(CertPathBuilder.java:297) ~[?:?]
	at java.base/sun.security.validator.PKIXValidator.doBuild(PKIXValidator.java:383) ~[?:?]
	at java.base/sun.security.validator.PKIXValidator.engineValidate(PKIXValidator.java:271) ~[?:?]
	at java.base/sun.security.validator.Validator.validate(Validator.java:256) ~[?:?]
	at java.base/sun.security.ssl.X509TrustManagerImpl.checkTrusted(X509TrustManagerImpl.java:284) ~[?:?]
	at java.base/sun.security.ssl.X509TrustManagerImpl.checkServerTrusted(X509TrustManagerImpl.java:144) ~[?:?]
	at java.base/sun.security.ssl.CertificateMessage$T12CertificateConsumer.checkServerCerts(CertificateMessage.java:625) ~[?:?]
	at java.base/sun.security.ssl.CertificateMessage$T12CertificateConsumer.onCertificate(CertificateMessage.java:467) ~[?:?]
	at java.base/sun.security.ssl.CertificateMessage$T12CertificateConsumer.consume(CertificateMessage.java:363) ~[?:?]
	at java.base/sun.security.ssl.SSLHandshake.consume(SSLHandshake.java:393) ~[?:?]
	at java.base/sun.security.ssl.HandshakeContext.dispatch(HandshakeContext.java:476) ~[?:?]
	at java.base/sun.security.ssl.SSLEngineImpl$DelegatedTask$DelegatedAction.run(SSLEngineImpl.java:1273) ~[?:?]
	at java.base/sun.security.ssl.SSLEngineImpl$DelegatedTask$DelegatedAction.run(SSLEngineImpl.java:1260) ~[?:?]
	at java.base/java.security.AccessController.doPrivileged(AccessController.java:714) ~[?:?]
	at java.base/sun.security.ssl.SSLEngineImpl$DelegatedTask.run(SSLEngineImpl.java:1205) ~[?:?]
	at java.base/java.util.ArrayList.forEach(ArrayList.java:1596) ~[?:?]
	at java.net.http/jdk.internal.net.http.common.SSLFlowDelegate.lambda$executeTasks$3(SSLFlowDelegate.java:1148) ~[java.net.http:?]
	at java.net.http/jdk.internal.net.http.HttpClientImpl$DelegatingExecutor.execute(HttpClientImpl.java:177) ~[java.net.http:?]
	at java.net.http/jdk.internal.net.http.common.SSLFlowDelegate.executeTasks(SSLFlowDelegate.java:1143) ~[java.net.http:?]
	at java.net.http/jdk.internal.net.http.common.SSLFlowDelegate.doHandshake(SSLFlowDelegate.java:1109) ~[java.net.http:?]
	at java.net.http/jdk.internal.net.http.common.SSLFlowDelegate$Reader.processData(SSLFlowDelegate.java:508) ~[java.net.http:?]
	at java.net.http/jdk.internal.net.http.common.SSLFlowDelegate$Reader$ReaderDownstreamPusher.run(SSLFlowDelegate.java:283) ~[java.net.http:?]
	at java.net.http/jdk.internal.net.http.common.SequentialScheduler$LockingRestartableTask.run(SequentialScheduler.java:182) ~[java.net.http:?]
	at java.net.http/jdk.internal.net.http.common.SequentialScheduler$CompleteRestartableTask.run(SequentialScheduler.java:149) ~[java.net.http:?]
	at java.net.http/jdk.internal.net.http.common.SequentialScheduler$SchedulableTask.run(SequentialScheduler.java:207) ~[java.net.http:?]
	at java.base/java.util.concurrent.ThreadPoolExecutor.runWorker(ThreadPoolExecutor.java:1144) ~[?:?]
	at java.base/java.util.concurrent.ThreadPoolExecutor$Worker.run(ThreadPoolExecutor.java:642) ~[?:?]
	at java.base/java.lang.Thread.run(Thread.java:1583) ~[?:?]
[218月2026 09:26:53.488] [NeoForge Version Check/INFO] [net.neoforged.fml.VersionChecker/]: [create_connected] Starting version check at https://raw.githubusercontent.com/hlysine/create_connected/main/update.json
[218月2026 09:26:53.505] [NeoForge Version Check/WARN] [net.neoforged.fml.VersionChecker/]: Failed to process update information
javax.net.ssl.SSLHandshakeException: PKIX path building failed: sun.security.provider.certpath.SunCertPathBuilderException: unable to find valid certification path to requested target
	at java.net.http/jdk.internal.net.http.HttpClientImpl.send(HttpClientImpl.java:957) ~[java.net.http:?]
	at java.net.http/jdk.internal.net.http.HttpClientFacade.send(HttpClientFacade.java:133) ~[java.net.http:?]
	at MC-BOOTSTRAP/fml_loader@4.0.43/net.neoforged.fml.VersionChecker$1.openUrlString(VersionChecker.java:129) ~[loader-4.0.43.jar%23161!/:4.0]
	at MC-BOOTSTRAP/fml_loader@4.0.43/net.neoforged.fml.VersionChecker$1.process(VersionChecker.java:162) ~[loader-4.0.43.jar%23161!/:4.0]
	at java.base/java.lang.Iterable.forEach(Iterable.java:75) [?:?]
	at MC-BOOTSTRAP/fml_loader@4.0.43/net.neoforged.fml.VersionChecker$1.run(VersionChecker.java:105) [loader-4.0.43.jar%23161!/:4.0]
Caused by: javax.net.ssl.SSLHandshakeException: PKIX path building failed: sun.security.provider.certpath.SunCertPathBuilderException: unable to find valid certification path to requested target
	at java.base/sun.security.ssl.Alert.createSSLException(Alert.java:130) ~[?:?]
	at java.base/sun.security.ssl.TransportContext.fatal(TransportContext.java:383) ~[?:?]
	at java.base/sun.security.ssl.TransportContext.fatal(TransportContext.java:326) ~[?:?]
	at java.base/sun.security.ssl.TransportContext.fatal(TransportContext.java:321) ~[?:?]
	at java.base/sun.security.ssl.CertificateMessage$T12CertificateConsumer.checkServerCerts(CertificateMessage.java:647) ~[?:?]
	at java.base/sun.security.ssl.CertificateMessage$T12CertificateConsumer.onCertificate(CertificateMessage.java:467) ~[?:?]
	at java.base/sun.security.ssl.CertificateMessage$T12CertificateConsumer.consume(CertificateMessage.java:363) ~[?:?]
	at java.base/sun.security.ssl.SSLHandshake.consume(SSLHandshake.java:393) ~[?:?]
	at java.base/sun.security.ssl.HandshakeContext.dispatch(HandshakeContext.java:476) ~[?:?]
	at java.base/sun.security.ssl.SSLEngineImpl$DelegatedTask$DelegatedAction.run(SSLEngineImpl.java:1273) ~[?:?]
	at java.base/sun.security.ssl.SSLEngineImpl$DelegatedTask$DelegatedAction.run(SSLEngineImpl.java:1260) ~[?:?]
	at java.base/java.security.AccessController.doPrivileged(AccessController.java:714) ~[?:?]
	at java.base/sun.security.ssl.SSLEngineImpl$DelegatedTask.run(SSLEngineImpl.java:1205) ~[?:?]
	at java.base/java.util.ArrayList.forEach(ArrayList.java:1596) ~[?:?]
	at java.net.http/jdk.internal.net.http.common.SSLFlowDelegate.lambda$executeTasks$3(SSLFlowDelegate.java:1148) ~[java.net.http:?]
	at java.net.http/jdk.internal.net.http.HttpClientImpl$DelegatingExecutor.execute(HttpClientImpl.java:177) ~[java.net.http:?]
	at java.net.http/jdk.internal.net.http.common.SSLFlowDelegate.executeTasks(SSLFlowDelegate.java:1143) ~[java.net.http:?]
	at java.net.http/jdk.internal.net.http.common.SSLFlowDelegate.doHandshake(SSLFlowDelegate.java:1109) ~[java.net.http:?]
	at java.net.http/jdk.internal.net.http.common.SSLFlowDelegate$Reader.processData(SSLFlowDelegate.java:508) ~[java.net.http:?]
	at java.net.http/jdk.internal.net.http.common.SSLFlowDelegate$Reader$ReaderDownstreamPusher.run(SSLFlowDelegate.java:283) ~[java.net.http:?]
	at java.net.http/jdk.internal.net.http.common.SequentialScheduler$LockingRestartableTask.run(SequentialScheduler.java:182) ~[java.net.http:?]
	at java.net.http/jdk.internal.net.http.common.SequentialScheduler$CompleteRestartableTask.run(SequentialScheduler.java:149) ~[java.net.http:?]
	at java.net.http/jdk.internal.net.http.common.SequentialScheduler$SchedulableTask.run(SequentialScheduler.java:207) ~[java.net.http:?]
	at java.base/java.util.concurrent.ThreadPoolExecutor.runWorker(ThreadPoolExecutor.java:1144) ~[?:?]
	at java.base/java.util.concurrent.ThreadPoolExecutor$Worker.run(ThreadPoolExecutor.java:642) ~[?:?]
	at java.base/java.lang.Thread.run(Thread.java:1583) ~[?:?]
Caused by: sun.security.validator.ValidatorException: PKIX path building failed: sun.security.provider.certpath.SunCertPathBuilderException: unable to find valid certification path to requested target
	at java.base/sun.security.validator.PKIXValidator.doBuild(PKIXValidator.java:388) ~[?:?]
	at java.base/sun.security.validator.PKIXValidator.engineValidate(PKIXValidator.java:271) ~[?:?]
	at java.base/sun.security.validator.Validator.validate(Validator.java:256) ~[?:?]
	at java.base/sun.security.ssl.X509TrustManagerImpl.checkTrusted(X509TrustManagerImpl.java:284) ~[?:?]
	at java.base/sun.security.ssl.X509TrustManagerImpl.checkServerTrusted(X509TrustManagerImpl.java:144) ~[?:?]
	at java.base/sun.security.ssl.CertificateMessage$T12CertificateConsumer.checkServerCerts(CertificateMessage.java:625) ~[?:?]
	at java.base/sun.security.ssl.CertificateMessage$T12CertificateConsumer.onCertificate(CertificateMessage.java:467) ~[?:?]
	at java.base/sun.security.ssl.CertificateMessage$T12CertificateConsumer.consume(CertificateMessage.java:363) ~[?:?]
	at java.base/sun.security.ssl.SSLHandshake.consume(SSLHandshake.java:393) ~[?:?]
	at java.base/sun.security.ssl.HandshakeContext.dispatch(HandshakeContext.java:476) ~[?:?]
	at java.base/sun.security.ssl.SSLEngineImpl$DelegatedTask$DelegatedAction.run(SSLEngineImpl.java:1273) ~[?:?]
	at java.base/sun.security.ssl.SSLEngineImpl$DelegatedTask$DelegatedAction.run(SSLEngineImpl.java:1260) ~[?:?]
	at java.base/java.security.AccessController.doPrivileged(AccessController.java:714) ~[?:?]
	at java.base/sun.security.ssl.SSLEngineImpl$DelegatedTask.run(SSLEngineImpl.java:1205) ~[?:?]
	at java.base/java.util.ArrayList.forEach(ArrayList.java:1596) ~[?:?]
	at java.net.http/jdk.internal.net.http.common.SSLFlowDelegate.lambda$executeTasks$3(SSLFlowDelegate.java:1148) ~[java.net.http:?]
	at java.net.http/jdk.internal.net.http.HttpClientImpl$DelegatingExecutor.execute(HttpClientImpl.java:177) ~[java.net.http:?]
	at java.net.http/jdk.internal.net.http.common.SSLFlowDelegate.executeTasks(SSLFlowDelegate.java:1143) ~[java.net.http:?]
	at java.net.http/jdk.internal.net.http.common.SSLFlowDelegate.doHandshake(SSLFlowDelegate.java:1109) ~[java.net.http:?]
	at java.net.http/jdk.internal.net.http.common.SSLFlowDelegate$Reader.processData(SSLFlowDelegate.java:508) ~[java.net.http:?]
	at java.net.http/jdk.internal.net.http.common.SSLFlowDelegate$Reader$ReaderDownstreamPusher.run(SSLFlowDelegate.java:283) ~[java.net.http:?]
	at java.net.http/jdk.internal.net.http.common.SequentialScheduler$LockingRestartableTask.run(SequentialScheduler.java:182) ~[java.net.http:?]
	at java.net.http/jdk.internal.net.http.common.SequentialScheduler$CompleteRestartableTask.run(SequentialScheduler.java:149) ~[java.net.http:?]
	at java.net.http/jdk.internal.net.http.common.SequentialScheduler$SchedulableTask.run(SequentialScheduler.java:207) ~[java.net.http:?]
	at java.base/java.util.concurrent.ThreadPoolExecutor.runWorker(ThreadPoolExecutor.java:1144) ~[?:?]
	at java.base/java.util.concurrent.ThreadPoolExecutor$Worker.run(ThreadPoolExecutor.java:642) ~[?:?]
	at java.base/java.lang.Thread.run(Thread.java:1583) ~[?:?]
Caused by: sun.security.provider.certpath.SunCertPathBuilderException: unable to find valid certification path to requested target
	at java.base/sun.security.provider.certpath.SunCertPathBuilder.build(SunCertPathBuilder.java:148) ~[?:?]
	at java.base/sun.security.provider.certpath.SunCertPathBuilder.engineBuild(SunCertPathBuilder.java:129) ~[?:?]
	at java.base/java.security.cert.CertPathBuilder.build(CertPathBuilder.java:297) ~[?:?]
	at java.base/sun.security.validator.PKIXValidator.doBuild(PKIXValidator.java:383) ~[?:?]
	at java.base/sun.security.validator.PKIXValidator.engineValidate(PKIXValidator.java:271) ~[?:?]
	at java.base/sun.security.validator.Validator.validate(Validator.java:256) ~[?:?]
	at java.base/sun.security.ssl.X509TrustManagerImpl.checkTrusted(X509TrustManagerImpl.java:284) ~[?:?]
	at java.base/sun.security.ssl.X509TrustManagerImpl.checkServerTrusted(X509TrustManagerImpl.java:144) ~[?:?]
	at java.base/sun.security.ssl.CertificateMessage$T12CertificateConsumer.checkServerCerts(CertificateMessage.java:625) ~[?:?]
	at java.base/sun.security.ssl.CertificateMessage$T12CertificateConsumer.onCertificate(CertificateMessage.java:467) ~[?:?]
	at java.base/sun.security.ssl.CertificateMessage$T12CertificateConsumer.consume(CertificateMessage.java:363) ~[?:?]
	at java.base/sun.security.ssl.SSLHandshake.consume(SSLHandshake.java:393) ~[?:?]
	at java.base/sun.security.ssl.HandshakeContext.dispatch(HandshakeContext.java:476) ~[?:?]
	at java.base/sun.security.ssl.SSLEngineImpl$DelegatedTask$DelegatedAction.run(SSLEngineImpl.java:1273) ~[?:?]
	at java.base/sun.security.ssl.SSLEngineImpl$DelegatedTask$DelegatedAction.run(SSLEngineImpl.java:1260) ~[?:?]
	at java.base/java.security.AccessController.doPrivileged(AccessController.java:714) ~[?:?]
	at java.base/sun.security.ssl.SSLEngineImpl$DelegatedTask.run(SSLEngineImpl.java:1205) ~[?:?]
	at java.base/java.util.ArrayList.forEach(ArrayList.java:1596) ~[?:?]
	at java.net.http/jdk.internal.net.http.common.SSLFlowDelegate.lambda$executeTasks$3(SSLFlowDelegate.java:1148) ~[java.net.http:?]
	at java.net.http/jdk.internal.net.http.HttpClientImpl$DelegatingExecutor.execute(HttpClientImpl.java:177) ~[java.net.http:?]
	at java.net.http/jdk.internal.net.http.common.SSLFlowDelegate.executeTasks(SSLFlowDelegate.java:1143) ~[java.net.http:?]
	at java.net.http/jdk.internal.net.http.common.SSLFlowDelegate.doHandshake(SSLFlowDelegate.java:1109) ~[java.net.http:?]
	at java.net.http/jdk.internal.net.http.common.SSLFlowDelegate$Reader.processData(SSLFlowDelegate.java:508) ~[java.net.http:?]
	at java.net.http/jdk.internal.net.http.common.SSLFlowDelegate$Reader$ReaderDownstreamPusher.run(SSLFlowDelegate.java:283) ~[java.net.http:?]
	at java.net.http/jdk.internal.net.http.common.SequentialScheduler$LockingRestartableTask.run(SequentialScheduler.java:182) ~[java.net.http:?]
	at java.net.http/jdk.internal.net.http.common.SequentialScheduler$CompleteRestartableTask.run(SequentialScheduler.java:149) ~[java.net.http:?]
	at java.net.http/jdk.internal.net.http.common.SequentialScheduler$SchedulableTask.run(SequentialScheduler.java:207) ~[java.net.http:?]
	at java.base/java.util.concurrent.ThreadPoolExecutor.runWorker(ThreadPoolExecutor.java:1144) ~[?:?]
	at java.base/java.util.concurrent.ThreadPoolExecutor$Worker.run(ThreadPoolExecutor.java:642) ~[?:?]
	at java.base/java.lang.Thread.run(Thread.java:1583) ~[?:?]
[218月2026 09:26:53.508] [NeoForge Version Check/INFO] [net.neoforged.fml.VersionChecker/]: [createoreexcavation] Starting version check at https://raw.githubusercontent.com/tom5454/Create-Ore-Excavation/main/version-check.json
[218月2026 09:26:53.526] [NeoForge Version Check/WARN] [net.neoforged.fml.VersionChecker/]: Failed to process update information
javax.net.ssl.SSLHandshakeException: PKIX path building failed: sun.security.provider.certpath.SunCertPathBuilderException: unable to find valid certification path to requested target
	at java.net.http/jdk.internal.net.http.HttpClientImpl.send(HttpClientImpl.java:957) ~[java.net.http:?]
	at java.net.http/jdk.internal.net.http.HttpClientFacade.send(HttpClientFacade.java:133) ~[java.net.http:?]
	at MC-BOOTSTRAP/fml_loader@4.0.43/net.neoforged.fml.VersionChecker$1.openUrlString(VersionChecker.java:129) ~[loader-4.0.43.jar%23161!/:4.0]
	at MC-BOOTSTRAP/fml_loader@4.0.43/net.neoforged.fml.VersionChecker$1.process(VersionChecker.java:162) ~[loader-4.0.43.jar%23161!/:4.0]
	at java.base/java.lang.Iterable.forEach(Iterable.java:75) [?:?]
	at MC-BOOTSTRAP/fml_loader@4.0.43/net.neoforged.fml.VersionChecker$1.run(VersionChecker.java:105) [loader-4.0.43.jar%23161!/:4.0]
Caused by: javax.net.ssl.SSLHandshakeException: PKIX path building failed: sun.security.provider.certpath.SunCertPathBuilderException: unable to find valid certification path to requested target
	at java.base/sun.security.ssl.Alert.createSSLException(Alert.java:130) ~[?:?]
	at java.base/sun.security.ssl.TransportContext.fatal(TransportContext.java:383) ~[?:?]
	at java.base/sun.security.ssl.TransportContext.fatal(TransportContext.java:326) ~[?:?]
	at java.base/sun.security.ssl.TransportContext.fatal(TransportContext.java:321) ~[?:?]
	at java.base/sun.security.ssl.CertificateMessage$T12CertificateConsumer.checkServerCerts(CertificateMessage.java:647) ~[?:?]
	at java.base/sun.security.ssl.CertificateMessage$T12CertificateConsumer.onCertificate(CertificateMessage.java:467) ~[?:?]
	at java.base/sun.security.ssl.CertificateMessage$T12CertificateConsumer.consume(CertificateMessage.java:363) ~[?:?]
	at java.base/sun.security.ssl.SSLHandshake.consume(SSLHandshake.java:393) ~[?:?]
	at java.base/sun.security.ssl.HandshakeContext.dispatch(HandshakeContext.java:476) ~[?:?]
	at java.base/sun.security.ssl.SSLEngineImpl$DelegatedTask$DelegatedAction.run(SSLEngineImpl.java:1273) ~[?:?]
	at java.base/sun.security.ssl.SSLEngineImpl$DelegatedTask$DelegatedAction.run(SSLEngineImpl.java:1260) ~[?:?]
	at java.base/java.security.AccessController.doPrivileged(AccessController.java:714) ~[?:?]
	at java.base/sun.security.ssl.SSLEngineImpl$DelegatedTask.run(SSLEngineImpl.java:1205) ~[?:?]
	at java.base/java.util.ArrayList.forEach(ArrayList.java:1596) ~[?:?]
	at java.net.http/jdk.internal.net.http.common.SSLFlowDelegate.lambda$executeTasks$3(SSLFlowDelegate.java:1148) ~[java.net.http:?]
	at java.net.http/jdk.internal.net.http.HttpClientImpl$DelegatingExecutor.execute(HttpClientImpl.java:177) ~[java.net.http:?]
	at java.net.http/jdk.internal.net.http.common.SSLFlowDelegate.executeTasks(SSLFlowDelegate.java:1143) ~[java.net.http:?]
	at java.net.http/jdk.internal.net.http.common.SSLFlowDelegate.doHandshake(SSLFlowDelegate.java:1109) ~[java.net.http:?]
	at java.net.http/jdk.internal.net.http.common.SSLFlowDelegate$Reader.processData(SSLFlowDelegate.java:508) ~[java.net.http:?]
	at java.net.http/jdk.internal.net.http.common.SSLFlowDelegate$Reader$ReaderDownstreamPusher.run(SSLFlowDelegate.java:283) ~[java.net.http:?]
	at java.net.http/jdk.internal.net.http.common.SequentialScheduler$LockingRestartableTask.run(SequentialScheduler.java:182) ~[java.net.http:?]
	at java.net.http/jdk.internal.net.http.common.SequentialScheduler$CompleteRestartableTask.run(SequentialScheduler.java:149) ~[java.net.http:?]
	at java.net.http/jdk.internal.net.http.common.SequentialScheduler$SchedulableTask.run(SequentialScheduler.java:207) ~[java.net.http:?]
	at java.base/java.util.concurrent.ThreadPoolExecutor.runWorker(ThreadPoolExecutor.java:1144) ~[?:?]
	at java.base/java.util.concurrent.ThreadPoolExecutor$Worker.run(ThreadPoolExecutor.java:642) ~[?:?]
	at java.base/java.lang.Thread.run(Thread.java:1583) ~[?:?]
Caused by: sun.security.validator.ValidatorException: PKIX path building failed: sun.security.provider.certpath.SunCertPathBuilderException: unable to find valid certification path to requested target
	at java.base/sun.security.validator.PKIXValidator.doBuild(PKIXValidator.java:388) ~[?:?]
	at java.base/sun.security.validator.PKIXValidator.engineValidate(PKIXValidator.java:271) ~[?:?]
	at java.base/sun.security.validator.Validator.validate(Validator.java:256) ~[?:?]
	at java.base/sun.security.ssl.X509TrustManagerImpl.checkTrusted(X509TrustManagerImpl.java:284) ~[?:?]
	at java.base/sun.security.ssl.X509TrustManagerImpl.checkServerTrusted(X509TrustManagerImpl.java:144) ~[?:?]
	at java.base/sun.security.ssl.CertificateMessage$T12CertificateConsumer.checkServerCerts(CertificateMessage.java:625) ~[?:?]
	at java.base/sun.security.ssl.CertificateMessage$T12CertificateConsumer.onCertificate(CertificateMessage.java:467) ~[?:?]
	at java.base/sun.security.ssl.CertificateMessage$T12CertificateConsumer.consume(CertificateMessage.java:363) ~[?:?]
	at java.base/sun.security.ssl.SSLHandshake.consume(SSLHandshake.java:393) ~[?:?]
	at java.base/sun.security.ssl.HandshakeContext.dispatch(HandshakeContext.java:476) ~[?:?]
	at java.base/sun.security.ssl.SSLEngineImpl$DelegatedTask$DelegatedAction.run(SSLEngineImpl.java:1273) ~[?:?]
	at java.base/sun.security.ssl.SSLEngineImpl$DelegatedTask$DelegatedAction.run(SSLEngineImpl.java:1260) ~[?:?]
	at java.base/java.security.AccessController.doPrivileged(AccessController.java:714) ~[?:?]
	at java.base/sun.security.ssl.SSLEngineImpl$DelegatedTask.run(SSLEngineImpl.java:1205) ~[?:?]
	at java.base/java.util.ArrayList.forEach(ArrayList.java:1596) ~[?:?]
	at java.net.http/jdk.internal.net.http.common.SSLFlowDelegate.lambda$executeTasks$3(SSLFlowDelegate.java:1148) ~[java.net.http:?]
	at java.net.http/jdk.internal.net.http.HttpClientImpl$DelegatingExecutor.execute(HttpClientImpl.java:177) ~[java.net.http:?]
	at java.net.http/jdk.internal.net.http.common.SSLFlowDelegate.executeTasks(SSLFlowDelegate.java:1143) ~[java.net.http:?]
	at java.net.http/jdk.internal.net.http.common.SSLFlowDelegate.doHandshake(SSLFlowDelegate.java:1109) ~[java.net.http:?]
	at java.net.http/jdk.internal.net.http.common.SSLFlowDelegate$Reader.processData(SSLFlowDelegate.java:508) ~[java.net.http:?]
	at java.net.http/jdk.internal.net.http.common.SSLFlowDelegate$Reader$ReaderDownstreamPusher.run(SSLFlowDelegate.java:283) ~[java.net.http:?]
	at java.net.http/jdk.internal.net.http.common.SequentialScheduler$LockingRestartableTask.run(SequentialScheduler.java:182) ~[java.net.http:?]
	at java.net.http/jdk.internal.net.http.common.SequentialScheduler$CompleteRestartableTask.run(SequentialScheduler.java:149) ~[java.net.http:?]
	at java.net.http/jdk.internal.net.http.common.SequentialScheduler$SchedulableTask.run(SequentialScheduler.java:207) ~[java.net.http:?]
	at java.base/java.util.concurrent.ThreadPoolExecutor.runWorker(ThreadPoolExecutor.java:1144) ~[?:?]
	at java.base/java.util.concurrent.ThreadPoolExecutor$Worker.run(ThreadPoolExecutor.java:642) ~[?:?]
	at java.base/java.lang.Thread.run(Thread.java:1583) ~[?:?]
Caused by: sun.security.provider.certpath.SunCertPathBuilderException: unable to find valid certification path to requested target
	at java.base/sun.security.provider.certpath.SunCertPathBuilder.build(SunCertPathBuilder.java:148) ~[?:?]
	at java.base/sun.security.provider.certpath.SunCertPathBuilder.engineBuild(SunCertPathBuilder.java:129) ~[?:?]
	at java.base/java.security.cert.CertPathBuilder.build(CertPathBuilder.java:297) ~[?:?]
	at java.base/sun.security.validator.PKIXValidator.doBuild(PKIXValidator.java:383) ~[?:?]
	at java.base/sun.security.validator.PKIXValidator.engineValidate(PKIXValidator.java:271) ~[?:?]
	at java.base/sun.security.validator.Validator.validate(Validator.java:256) ~[?:?]
	at java.base/sun.security.ssl.X509TrustManagerImpl.checkTrusted(X509TrustManagerImpl.java:284) ~[?:?]
	at java.base/sun.security.ssl.X509TrustManagerImpl.checkServerTrusted(X509TrustManagerImpl.java:144) ~[?:?]
	at java.base/sun.security.ssl.CertificateMessage$T12CertificateConsumer.checkServerCerts(CertificateMessage.java:625) ~[?:?]
	at java.base/sun.security.ssl.CertificateMessage$T12CertificateConsumer.onCertificate(CertificateMessage.java:467) ~[?:?]
	at java.base/sun.security.ssl.CertificateMessage$T12CertificateConsumer.consume(CertificateMessage.java:363) ~[?:?]
	at java.base/sun.security.ssl.SSLHandshake.consume(SSLHandshake.java:393) ~[?:?]
	at java.base/sun.security.ssl.HandshakeContext.dispatch(HandshakeContext.java:476) ~[?:?]
	at java.base/sun.security.ssl.SSLEngineImpl$DelegatedTask$DelegatedAction.run(SSLEngineImpl.java:1273) ~[?:?]
	at java.base/sun.security.ssl.SSLEngineImpl$DelegatedTask$DelegatedAction.run(SSLEngineImpl.java:1260) ~[?:?]
	at java.base/java.security.AccessController.doPrivileged(AccessController.java:714) ~[?:?]
	at java.base/sun.security.ssl.SSLEngineImpl$DelegatedTask.run(SSLEngineImpl.java:1205) ~[?:?]
	at java.base/java.util.ArrayList.forEach(ArrayList.java:1596) ~[?:?]
	at java.net.http/jdk.internal.net.http.common.SSLFlowDelegate.lambda$executeTasks$3(SSLFlowDelegate.java:1148) ~[java.net.http:?]
	at java.net.http/jdk.internal.net.http.HttpClientImpl$DelegatingExecutor.execute(HttpClientImpl.java:177) ~[java.net.http:?]
	at java.net.http/jdk.internal.net.http.common.SSLFlowDelegate.executeTasks(SSLFlowDelegate.java:1143) ~[java.net.http:?]
	at java.net.http/jdk.internal.net.http.common.SSLFlowDelegate.doHandshake(SSLFlowDelegate.java:1109) ~[java.net.http:?]
	at java.net.http/jdk.internal.net.http.common.SSLFlowDelegate$Reader.processData(SSLFlowDelegate.java:508) ~[java.net.http:?]
	at java.net.http/jdk.internal.net.http.common.SSLFlowDelegate$Reader$ReaderDownstreamPusher.run(SSLFlowDelegate.java:283) ~[java.net.http:?]
	at java.net.http/jdk.internal.net.http.common.SequentialScheduler$LockingRestartableTask.run(SequentialScheduler.java:182) ~[java.net.http:?]
	at java.net.http/jdk.internal.net.http.common.SequentialScheduler$CompleteRestartableTask.run(SequentialScheduler.java:149) ~[java.net.http:?]
	at java.net.http/jdk.internal.net.http.common.SequentialScheduler$SchedulableTask.run(SequentialScheduler.java:207) ~[java.net.http:?]
	at java.base/java.util.concurrent.ThreadPoolExecutor.runWorker(ThreadPoolExecutor.java:1144) ~[?:?]
	at java.base/java.util.concurrent.ThreadPoolExecutor$Worker.run(ThreadPoolExecutor.java:642) ~[?:?]
	at java.base/java.lang.Thread.run(Thread.java:1583) ~[?:?]
[218月2026 09:26:53.531] [NeoForge Version Check/INFO] [net.neoforged.fml.VersionChecker/]: [iceberg] Starting version check at https://mc-update-check.anthonyhilyard.com/520110
[218月2026 09:26:54.499] [Render thread/INFO] [xaero.hud.minimap.MinimapLogs/]: Registered player tracker system: minimap_synced
[218月2026 09:26:54.501] [Render thread/WARN] [net.neoforged.fml.DeferredWorkQueue/LOADING]: Mod 'xaerominimap' took 1.372 s to run a deferred task.
[218月2026 09:26:54.505] [Render thread/INFO] [xaero.lib.XaeroLib/]: Loading XaeroLib common 2/2!
[218月2026 09:26:54.505] [Render thread/INFO] [xaero.lib.XaeroLib/]: Loading XaeroLib client 2/2!
[218月2026 09:26:55.646] [Worker-ResourceReload-2/WARN] [net.minecraft.client.resources.model.ModelManager/]: Missing textures in model create_connected:fan_ending_catalyst_dragons_breath#:
    minecraft:textures/atlas/blocks.png:create_dragons_plus:fluid/dragon_breath_flow
[218月2026 09:26:55.646] [Worker-ResourceReload-2/WARN] [net.minecraft.client.resources.model.ModelManager/]: Missing textures in model create_connected:fan_soul_stripping_catalyst#inventory:
    minecraft:textures/atlas/blocks.png:createnetherindustry:block/soul_stripping_block
[218月2026 09:26:55.646] [Worker-ResourceReload-2/WARN] [net.minecraft.client.resources.model.ModelManager/]: Missing textures in model create_connected:fan_transmutation_catalyst#:
    minecraft:textures/atlas/blocks.png:create_shimmer:fluid/shimmer_flow
[218月2026 09:26:55.646] [Worker-ResourceReload-2/WARN] [net.minecraft.client.resources.model.ModelManager/]: Missing textures in model create_connected:fan_ending_catalyst_dragons_breath#inventory:
    minecraft:textures/atlas/blocks.png:create_dragons_plus:fluid/dragon_breath_flow
[218月2026 09:26:55.646] [Worker-ResourceReload-2/WARN] [net.minecraft.client.resources.model.ModelManager/]: Missing textures in model create_connected:fan_glooming_catalyst#inventory:
    minecraft:textures/atlas/blocks.png:twilightforest:block/deadrock
    minecraft:textures/atlas/blocks.png:create_shimmer:block/ominous_campfire_fire
[218月2026 09:26:55.646] [Worker-ResourceReload-2/WARN] [net.minecraft.client.resources.model.ModelManager/]: Missing textures in model create_connected:fan_glooming_catalyst#:
    minecraft:textures/atlas/blocks.png:twilightforest:block/deadrock
    minecraft:textures/atlas/blocks.png:create_shimmer:block/ominous_campfire_fire
[218月2026 09:26:55.646] [Worker-ResourceReload-2/WARN] [net.minecraft.client.resources.model.ModelManager/]: Missing textures in model create_connected:fan_soul_stripping_catalyst#:
    minecraft:textures/atlas/blocks.png:createnetherindustry:block/soul_stripping_block
[218月2026 09:26:55.646] [Worker-ResourceReload-2/WARN] [net.minecraft.client.resources.model.ModelManager/]: Missing textures in model create_connected:fan_transmutation_catalyst#inventory:
    minecraft:textures/atlas/blocks.png:create_shimmer:fluid/shimmer_flow
[218月2026 09:26:56.081] [Worker-ResourceReload-2/INFO] [snownee.jade.Jade/]: Start loading plugin from net.blay09.mods.waystones.compat.JadeIntegration
[218月2026 09:26:56.122] [Worker-ResourceReload-2/INFO] [snownee.jade.Jade/]: Start loading plugin from net.blay09.mods.balm.neoforge.compat.hudinfo.NeoForgeJadeModCompat
[218月2026 09:26:56.126] [Worker-ResourceReload-2/INFO] [snownee.jade.Jade/]: Start loading plugin from snownee.jade.addon.vanilla.VanillaPlugin
[218月2026 09:26:56.191] [Worker-ResourceReload-2/INFO] [snownee.jade.Jade/]: Start loading plugin from snownee.jade.addon.universal.UniversalPlugin
[218月2026 09:26:56.203] [Worker-ResourceReload-2/INFO] [snownee.jade.Jade/]: Start loading plugin from snownee.jade.addon.debug.DebugPlugin
[218月2026 09:26:56.210] [Worker-ResourceReload-2/INFO] [snownee.jade.Jade/]: Start loading plugin from snownee.jade.addon.core.CorePlugin
[218月2026 09:26:56.219] [Worker-ResourceReload-2/INFO] [snownee.jade.Jade/]: Start loading plugin from snownee.jade.addon.access.AccessibilityPlugin
[218月2026 09:26:56.226] [Worker-ResourceReload-0/INFO] [PonderIndex/]: Registering Ponder Scenes took 227.8 ms
[218月2026 09:26:56.239] [Worker-ResourceReload-0/INFO] [PonderIndex/]: Registering Ponder Tags took 12.93 ms
[218月2026 09:26:57.203] [Render thread/WARN] [net.minecraft.client.sounds.SoundEngine/]: Missing sound for event: minecraft:item.goat_horn.play
[218月2026 09:26:57.203] [Render thread/WARN] [net.minecraft.client.sounds.SoundEngine/]: Missing sound for event: minecraft:entity.goat.screaming.horn_break
[218月2026 09:26:57.427] [Render thread/INFO] [com.mojang.blaze3d.audio.Library/]: OpenAL initialized on device OpenAL Soft on 扬声器 (Conexant SmartAudio HD)
[218月2026 09:26:57.428] [Render thread/INFO] [net.minecraft.client.sounds.SoundEngine/SOUNDS]: Sound engine started
[218月2026 09:26:57.665] [Render thread/INFO] [net.minecraft.client.renderer.texture.TextureAtlas/]: Created: 2048x2048x4 minecraft:textures/atlas/blocks.png-atlas
[218月2026 09:26:57.751] [Render thread/INFO] [net.minecraft.client.renderer.texture.TextureAtlas/]: Created: 256x256x4 minecraft:textures/atlas/signs.png-atlas
[218月2026 09:26:57.753] [Render thread/INFO] [net.minecraft.client.renderer.texture.TextureAtlas/]: Created: 512x512x4 minecraft:textures/atlas/banner_patterns.png-atlas
[218月2026 09:26:57.755] [Render thread/INFO] [net.minecraft.client.renderer.texture.TextureAtlas/]: Created: 512x512x4 minecraft:textures/atlas/shield_patterns.png-atlas
[218月2026 09:26:57.759] [Render thread/INFO] [net.minecraft.client.renderer.texture.TextureAtlas/]: Created: 2048x2048x4 minecraft:textures/atlas/armor_trims.png-atlas
[218月2026 09:26:57.779] [Render thread/INFO] [net.minecraft.client.renderer.texture.TextureAtlas/]: Created: 128x64x4 minecraft:textures/atlas/decorated_pot.png-atlas
[218月2026 09:26:57.782] [Render thread/INFO] [net.minecraft.client.renderer.texture.TextureAtlas/]: Created: 256x256x4 minecraft:textures/atlas/chest.png-atlas
[218月2026 09:26:57.784] [Render thread/INFO] [net.minecraft.client.renderer.texture.TextureAtlas/]: Created: 512x256x4 minecraft:textures/atlas/shulker_boxes.png-atlas
[218月2026 09:26:57.786] [Render thread/INFO] [net.minecraft.client.renderer.texture.TextureAtlas/]: Created: 512x256x4 minecraft:textures/atlas/beds.png-atlas
[218月2026 09:26:58.035] [Render thread/INFO] [net.minecraft.client.renderer.texture.TextureAtlas/]: Created: 512x256x0 minecraft:textures/atlas/particles.png-atlas
[218月2026 09:26:58.041] [Render thread/INFO] [net.minecraft.client.renderer.texture.TextureAtlas/]: Created: 512x256x0 minecraft:textures/atlas/paintings.png-atlas
[218月2026 09:26:58.044] [Render thread/INFO] [net.minecraft.client.renderer.texture.TextureAtlas/]: Created: 256x128x0 minecraft:textures/atlas/mob_effects.png-atlas
[218月2026 09:26:58.046] [Render thread/INFO] [net.minecraft.client.renderer.texture.TextureAtlas/]: Created: 64x64x0 minecraft:textures/atlas/map_decorations.png-atlas
[218月2026 09:26:58.048] [Render thread/INFO] [net.minecraft.client.renderer.texture.TextureAtlas/]: Created: 1024x1024x0 minecraft:textures/atlas/gui.png-atlas
[218月2026 09:26:58.113] [Render thread/WARN] [net.minecraft.client.renderer.ShaderInstance/]: Shader rendertype_entity_translucent_emissive could not find sampler named Sampler2 in the specified shader program.
[218月2026 09:26:58.248] [Render thread/INFO] [net.minecraft.client.renderer.texture.TextureAtlas/]: Created: 256x256x0 jei:textures/atlas/gui.png-atlas
[218月2026 09:26:58.266] [Render thread/INFO] [xaero.lib.XaeroLib/]: Successfully reloaded the XaeroLib shaders!
[218月2026 09:26:58.268] [Render thread/INFO] [net.neoforged.neoforge.client.entity.animation.json.AnimationLoader/]: Loaded 0 entity animations
[218月2026 09:26:59.919] [Render thread/INFO] [flywheel/backend/shaders/]: Loaded 77 shader sources in 89.098 ms
[218月2026 09:26:59.977] [Render thread/INFO] [com.simibubi.create.Create/]: Loaded 58 train hat configurations.
[218月2026 09:27:00.172] [Render thread/INFO] [Iris/]: Creating pipeline for dimension minecraft:overworld
[218月2026 09:27:02.245] [Render thread/WARN] [ModernFix/]: Game took 79.195 seconds to start
[218月2026 09:27:08.532] [NeoForge Version Check/WARN] [net.neoforged.fml.VersionChecker/]: Failed to process update information
java.net.http.HttpConnectTimeoutException: HTTP connect timed out
	at java.net.http/jdk.internal.net.http.HttpClientImpl.send(HttpClientImpl.java:946) ~[java.net.http:?]
	at java.net.http/jdk.internal.net.http.HttpClientFacade.send(HttpClientFacade.java:133) ~[java.net.http:?]
	at MC-BOOTSTRAP/fml_loader@4.0.43/net.neoforged.fml.VersionChecker$1.openUrlString(VersionChecker.java:129) ~[loader-4.0.43.jar%23161!/:4.0]
	at MC-BOOTSTRAP/fml_loader@4.0.43/net.neoforged.fml.VersionChecker$1.process(VersionChecker.java:162) ~[loader-4.0.43.jar%23161!/:4.0]
	at java.base/java.lang.Iterable.forEach(Iterable.java:75) [?:?]
	at MC-BOOTSTRAP/fml_loader@4.0.43/net.neoforged.fml.VersionChecker$1.run(VersionChecker.java:105) [loader-4.0.43.jar%23161!/:4.0]
Caused by: java.net.http.HttpConnectTimeoutException: HTTP connect timed out
	at java.net.http/jdk.internal.net.http.ResponseTimerEvent.handle(ResponseTimerEvent.java:68) ~[java.net.http:?]
	at java.net.http/jdk.internal.net.http.HttpClientImpl.purgeTimeoutsAndReturnNextDeadline(HttpClientImpl.java:1781) ~[java.net.http:?]
	at java.net.http/jdk.internal.net.http.HttpClientImpl$SelectorManager.run(HttpClientImpl.java:1379) ~[java.net.http:?]
Caused by: java.net.ConnectException: HTTP connect timed out
	at java.net.http/jdk.internal.net.http.ResponseTimerEvent.handle(ResponseTimerEvent.java:69) ~[java.net.http:?]
	at java.net.http/jdk.internal.net.http.HttpClientImpl.purgeTimeoutsAndReturnNextDeadline(HttpClientImpl.java:1781) ~[java.net.http:?]
	at java.net.http/jdk.internal.net.http.HttpClientImpl$SelectorManager.run(HttpClientImpl.java:1379) ~[java.net.http:?]
[218月2026 09:27:08.533] [NeoForge Version Check/INFO] [net.neoforged.fml.VersionChecker/]: [advancementplaques] Starting version check at https://mc-update-check.anthonyhilyard.com/499826
[218月2026 09:27:23.535] [NeoForge Version Check/WARN] [net.neoforged.fml.VersionChecker/]: Failed to process update information
java.net.http.HttpConnectTimeoutException: HTTP connect timed out
	at java.net.http/jdk.internal.net.http.HttpClientImpl.send(HttpClientImpl.java:946) ~[java.net.http:?]
	at java.net.http/jdk.internal.net.http.HttpClientFacade.send(HttpClientFacade.java:133) ~[java.net.http:?]
	at MC-BOOTSTRAP/fml_loader@4.0.43/net.neoforged.fml.VersionChecker$1.openUrlString(VersionChecker.java:129) ~[loader-4.0.43.jar%23161!/:4.0]
	at MC-BOOTSTRAP/fml_loader@4.0.43/net.neoforged.fml.VersionChecker$1.process(VersionChecker.java:162) ~[loader-4.0.43.jar%23161!/:4.0]
	at java.base/java.lang.Iterable.forEach(Iterable.java:75) [?:?]
	at MC-BOOTSTRAP/fml_loader@4.0.43/net.neoforged.fml.VersionChecker$1.run(VersionChecker.java:105) [loader-4.0.43.jar%23161!/:4.0]
Caused by: java.net.http.HttpConnectTimeoutException: HTTP connect timed out
	at java.net.http/jdk.internal.net.http.ResponseTimerEvent.handle(ResponseTimerEvent.java:68) ~[java.net.http:?]
	at java.net.http/jdk.internal.net.http.HttpClientImpl.purgeTimeoutsAndReturnNextDeadline(HttpClientImpl.java:1781) ~[java.net.http:?]
	at java.net.http/jdk.internal.net.http.HttpClientImpl$SelectorManager.run(HttpClientImpl.java:1379) ~[java.net.http:?]
Caused by: java.net.ConnectException: HTTP connect timed out
	at java.net.http/jdk.internal.net.http.ResponseTimerEvent.handle(ResponseTimerEvent.java:69) ~[java.net.http:?]
	at java.net.http/jdk.internal.net.http.HttpClientImpl.purgeTimeoutsAndReturnNextDeadline(HttpClientImpl.java:1781) ~[java.net.http:?]
	at java.net.http/jdk.internal.net.http.HttpClientImpl$SelectorManager.run(HttpClientImpl.java:1379) ~[java.net.http:?]
[218月2026 09:27:23.536] [NeoForge Version Check/INFO] [net.neoforged.fml.VersionChecker/]: [highlighter] Starting version check at https://mc-update-check.anthonyhilyard.com/521590
[218月2026 09:27:38.536] [NeoForge Version Check/WARN] [net.neoforged.fml.VersionChecker/]: Failed to process update information
java.net.http.HttpConnectTimeoutException: HTTP connect timed out
	at java.net.http/jdk.internal.net.http.HttpClientImpl.send(HttpClientImpl.java:946) ~[java.net.http:?]
	at java.net.http/jdk.internal.net.http.HttpClientFacade.send(HttpClientFacade.java:133) ~[java.net.http:?]
	at MC-BOOTSTRAP/fml_loader@4.0.43/net.neoforged.fml.VersionChecker$1.openUrlString(VersionChecker.java:129) ~[loader-4.0.43.jar%23161!/:4.0]
	at MC-BOOTSTRAP/fml_loader@4.0.43/net.neoforged.fml.VersionChecker$1.process(VersionChecker.java:162) ~[loader-4.0.43.jar%23161!/:4.0]
	at java.base/java.lang.Iterable.forEach(Iterable.java:75) [?:?]
	at MC-BOOTSTRAP/fml_loader@4.0.43/net.neoforged.fml.VersionChecker$1.run(VersionChecker.java:105) [loader-4.0.43.jar%23161!/:4.0]
Caused by: java.net.http.HttpConnectTimeoutException: HTTP connect timed out
	at java.net.http/jdk.internal.net.http.ResponseTimerEvent.handle(ResponseTimerEvent.java:68) ~[java.net.http:?]
	at java.net.http/jdk.internal.net.http.HttpClientImpl.purgeTimeoutsAndReturnNextDeadline(HttpClientImpl.java:1781) ~[java.net.http:?]
	at java.net.http/jdk.internal.net.http.HttpClientImpl$SelectorManager.run(HttpClientImpl.java:1379) ~[java.net.http:?]
Caused by: java.net.ConnectException: HTTP connect timed out
	at java.net.http/jdk.internal.net.http.ResponseTimerEvent.handle(ResponseTimerEvent.java:69) ~[java.net.http:?]
	at java.net.http/jdk.internal.net.http.HttpClientImpl.purgeTimeoutsAndReturnNextDeadline(HttpClientImpl.java:1781) ~[java.net.http:?]
	at java.net.http/jdk.internal.net.http.HttpClientImpl$SelectorManager.run(HttpClientImpl.java:1379) ~[java.net.http:?]
[218月2026 09:27:38.537] [NeoForge Version Check/INFO] [net.neoforged.fml.VersionChecker/]: [create] Starting version check at https://api.modrinth.com/updates/create/forge_updates.json?neoforge=only
[218月2026 09:27:39.255] [NeoForge Version Check/INFO] [net.neoforged.fml.VersionChecker/]: [create] Found status: OUTDATED Current: 6.0.10 Target: 6.0.10+mc1.21.1
[218月2026 09:27:39.255] [NeoForge Version Check/INFO] [net.neoforged.fml.VersionChecker/]: [searchables] Starting version check at https://updates.blamejared.com/get?n=searchables&gv=1.21.1&ml=neoforge
[218月2026 09:27:39.667] [NeoForge Version Check/INFO] [net.neoforged.fml.VersionChecker/]: [searchables] Found status: BETA Current: 1.0.2 Target: 1.0.2
[218月2026 09:27:39.668] [NeoForge Version Check/INFO] [net.neoforged.fml.VersionChecker/]: [puzzleslib] Starting version check at https://raw.githubusercontent.com/Fuzss/modresources/main/update/puzzleslib.json
[218月2026 09:27:39.680] [NeoForge Version Check/WARN] [net.neoforged.fml.VersionChecker/]: Failed to process update information
javax.net.ssl.SSLHandshakeException: PKIX path building failed: sun.security.provider.certpath.SunCertPathBuilderException: unable to find valid certification path to requested target
	at java.net.http/jdk.internal.net.http.HttpClientImpl.send(HttpClientImpl.java:957) ~[java.net.http:?]
	at java.net.http/jdk.internal.net.http.HttpClientFacade.send(HttpClientFacade.java:133) ~[java.net.http:?]
	at MC-BOOTSTRAP/fml_loader@4.0.43/net.neoforged.fml.VersionChecker$1.openUrlString(VersionChecker.java:129) ~[loader-4.0.43.jar%23161!/:4.0]
	at MC-BOOTSTRAP/fml_loader@4.0.43/net.neoforged.fml.VersionChecker$1.process(VersionChecker.java:162) ~[loader-4.0.43.jar%23161!/:4.0]
	at java.base/java.lang.Iterable.forEach(Iterable.java:75) [?:?]
	at MC-BOOTSTRAP/fml_loader@4.0.43/net.neoforged.fml.VersionChecker$1.run(VersionChecker.java:105) [loader-4.0.43.jar%23161!/:4.0]
Caused by: javax.net.ssl.SSLHandshakeException: PKIX path building failed: sun.security.provider.certpath.SunCertPathBuilderException: unable to find valid certification path to requested target
	at java.base/sun.security.ssl.Alert.createSSLException(Alert.java:130) ~[?:?]
	at java.base/sun.security.ssl.TransportContext.fatal(TransportContext.java:383) ~[?:?]
	at java.base/sun.security.ssl.TransportContext.fatal(TransportContext.java:326) ~[?:?]
	at java.base/sun.security.ssl.TransportContext.fatal(TransportContext.java:321) ~[?:?]
	at java.base/sun.security.ssl.CertificateMessage$T12CertificateConsumer.checkServerCerts(CertificateMessage.java:647) ~[?:?]
	at java.base/sun.security.ssl.CertificateMessage$T12CertificateConsumer.onCertificate(CertificateMessage.java:467) ~[?:?]
	at java.base/sun.security.ssl.CertificateMessage$T12CertificateConsumer.consume(CertificateMessage.java:363) ~[?:?]
	at java.base/sun.security.ssl.SSLHandshake.consume(SSLHandshake.java:393) ~[?:?]
	at java.base/sun.security.ssl.HandshakeContext.dispatch(HandshakeContext.java:476) ~[?:?]
	at java.base/sun.security.ssl.SSLEngineImpl$DelegatedTask$DelegatedAction.run(SSLEngineImpl.java:1273) ~[?:?]
	at java.base/sun.security.ssl.SSLEngineImpl$DelegatedTask$DelegatedAction.run(SSLEngineImpl.java:1260) ~[?:?]
	at java.base/java.security.AccessController.doPrivileged(AccessController.java:714) ~[?:?]
	at java.base/sun.security.ssl.SSLEngineImpl$DelegatedTask.run(SSLEngineImpl.java:1205) ~[?:?]
	at java.base/java.util.ArrayList.forEach(ArrayList.java:1596) ~[?:?]
	at java.net.http/jdk.internal.net.http.common.SSLFlowDelegate.lambda$executeTasks$3(SSLFlowDelegate.java:1148) ~[java.net.http:?]
	at java.net.http/jdk.internal.net.http.HttpClientImpl$DelegatingExecutor.execute(HttpClientImpl.java:177) ~[java.net.http:?]
	at java.net.http/jdk.internal.net.http.common.SSLFlowDelegate.executeTasks(SSLFlowDelegate.java:1143) ~[java.net.http:?]
	at java.net.http/jdk.internal.net.http.common.SSLFlowDelegate.doHandshake(SSLFlowDelegate.java:1109) ~[java.net.http:?]
	at java.net.http/jdk.internal.net.http.common.SSLFlowDelegate$Reader.processData(SSLFlowDelegate.java:508) ~[java.net.http:?]
	at java.net.http/jdk.internal.net.http.common.SSLFlowDelegate$Reader$ReaderDownstreamPusher.run(SSLFlowDelegate.java:283) ~[java.net.http:?]
	at java.net.http/jdk.internal.net.http.common.SequentialScheduler$LockingRestartableTask.run(SequentialScheduler.java:182) ~[java.net.http:?]
	at java.net.http/jdk.internal.net.http.common.SequentialScheduler$CompleteRestartableTask.run(SequentialScheduler.java:149) ~[java.net.http:?]
	at java.net.http/jdk.internal.net.http.common.SequentialScheduler$SchedulableTask.run(SequentialScheduler.java:207) ~[java.net.http:?]
	at java.base/java.util.concurrent.ThreadPoolExecutor.runWorker(ThreadPoolExecutor.java:1144) ~[?:?]
	at java.base/java.util.concurrent.ThreadPoolExecutor$Worker.run(ThreadPoolExecutor.java:642) ~[?:?]
	at java.base/java.lang.Thread.run(Thread.java:1583) ~[?:?]
Caused by: sun.security.validator.ValidatorException: PKIX path building failed: sun.security.provider.certpath.SunCertPathBuilderException: unable to find valid certification path to requested target
	at java.base/sun.security.validator.PKIXValidator.doBuild(PKIXValidator.java:388) ~[?:?]
	at java.base/sun.security.validator.PKIXValidator.engineValidate(PKIXValidator.java:271) ~[?:?]
	at java.base/sun.security.validator.Validator.validate(Validator.java:256) ~[?:?]
	at java.base/sun.security.ssl.X509TrustManagerImpl.checkTrusted(X509TrustManagerImpl.java:284) ~[?:?]
	at java.base/sun.security.ssl.X509TrustManagerImpl.checkServerTrusted(X509TrustManagerImpl.java:144) ~[?:?]
	at java.base/sun.security.ssl.CertificateMessage$T12CertificateConsumer.checkServerCerts(CertificateMessage.java:625) ~[?:?]
	at java.base/sun.security.ssl.CertificateMessage$T12CertificateConsumer.onCertificate(CertificateMessage.java:467) ~[?:?]
	at java.base/sun.security.ssl.CertificateMessage$T12CertificateConsumer.consume(CertificateMessage.java:363) ~[?:?]
	at java.base/sun.security.ssl.SSLHandshake.consume(SSLHandshake.java:393) ~[?:?]
	at java.base/sun.security.ssl.HandshakeContext.dispatch(HandshakeContext.java:476) ~[?:?]
	at java.base/sun.security.ssl.SSLEngineImpl$DelegatedTask$DelegatedAction.run(SSLEngineImpl.java:1273) ~[?:?]
	at java.base/sun.security.ssl.SSLEngineImpl$DelegatedTask$DelegatedAction.run(SSLEngineImpl.java:1260) ~[?:?]
	at java.base/java.security.AccessController.doPrivileged(AccessController.java:714) ~[?:?]
	at java.base/sun.security.ssl.SSLEngineImpl$DelegatedTask.run(SSLEngineImpl.java:1205) ~[?:?]
	at java.base/java.util.ArrayList.forEach(ArrayList.java:1596) ~[?:?]
	at java.net.http/jdk.internal.net.http.common.SSLFlowDelegate.lambda$executeTasks$3(SSLFlowDelegate.java:1148) ~[java.net.http:?]
	at java.net.http/jdk.internal.net.http.HttpClientImpl$DelegatingExecutor.execute(HttpClientImpl.java:177) ~[java.net.http:?]
	at java.net.http/jdk.internal.net.http.common.SSLFlowDelegate.executeTasks(SSLFlowDelegate.java:1143) ~[java.net.http:?]
	at java.net.http/jdk.internal.net.http.common.SSLFlowDelegate.doHandshake(SSLFlowDelegate.java:1109) ~[java.net.http:?]
	at java.net.http/jdk.internal.net.http.common.SSLFlowDelegate$Reader.processData(SSLFlowDelegate.java:508) ~[java.net.http:?]
	at java.net.http/jdk.internal.net.http.common.SSLFlowDelegate$Reader$ReaderDownstreamPusher.run(SSLFlowDelegate.java:283) ~[java.net.http:?]
	at java.net.http/jdk.internal.net.http.common.SequentialScheduler$LockingRestartableTask.run(SequentialScheduler.java:182) ~[java.net.http:?]
	at java.net.http/jdk.internal.net.http.common.SequentialScheduler$CompleteRestartableTask.run(SequentialScheduler.java:149) ~[java.net.http:?]
	at java.net.http/jdk.internal.net.http.common.SequentialScheduler$SchedulableTask.run(SequentialScheduler.java:207) ~[java.net.http:?]
	at java.base/java.util.concurrent.ThreadPoolExecutor.runWorker(ThreadPoolExecutor.java:1144) ~[?:?]
	at java.base/java.util.concurrent.ThreadPoolExecutor$Worker.run(ThreadPoolExecutor.java:642) ~[?:?]
	at java.base/java.lang.Thread.run(Thread.java:1583) ~[?:?]
Caused by: sun.security.provider.certpath.SunCertPathBuilderException: unable to find valid certification path to requested target
	at java.base/sun.security.provider.certpath.SunCertPathBuilder.build(SunCertPathBuilder.java:148) ~[?:?]
	at java.base/sun.security.provider.certpath.SunCertPathBuilder.engineBuild(SunCertPathBuilder.java:129) ~[?:?]
	at java.base/java.security.cert.CertPathBuilder.build(CertPathBuilder.java:297) ~[?:?]
	at java.base/sun.security.validator.PKIXValidator.doBuild(PKIXValidator.java:383) ~[?:?]
	at java.base/sun.security.validator.PKIXValidator.engineValidate(PKIXValidator.java:271) ~[?:?]
	at java.base/sun.security.validator.Validator.validate(Validator.java:256) ~[?:?]
	at java.base/sun.security.ssl.X509TrustManagerImpl.checkTrusted(X509TrustManagerImpl.java:284) ~[?:?]
	at java.base/sun.security.ssl.X509TrustManagerImpl.checkServerTrusted(X509TrustManagerImpl.java:144) ~[?:?]
	at java.base/sun.security.ssl.CertificateMessage$T12CertificateConsumer.checkServerCerts(CertificateMessage.java:625) ~[?:?]
	at java.base/sun.security.ssl.CertificateMessage$T12CertificateConsumer.onCertificate(CertificateMessage.java:467) ~[?:?]
	at java.base/sun.security.ssl.CertificateMessage$T12CertificateConsumer.consume(CertificateMessage.java:363) ~[?:?]
	at java.base/sun.security.ssl.SSLHandshake.consume(SSLHandshake.java:393) ~[?:?]
	at java.base/sun.security.ssl.HandshakeContext.dispatch(HandshakeContext.java:476) ~[?:?]
	at java.base/sun.security.ssl.SSLEngineImpl$DelegatedTask$DelegatedAction.run(SSLEngineImpl.java:1273) ~[?:?]
	at java.base/sun.security.ssl.SSLEngineImpl$DelegatedTask$DelegatedAction.run(SSLEngineImpl.java:1260) ~[?:?]
	at java.base/java.security.AccessController.doPrivileged(AccessController.java:714) ~[?:?]
	at java.base/sun.security.ssl.SSLEngineImpl$DelegatedTask.run(SSLEngineImpl.java:1205) ~[?:?]
	at java.base/java.util.ArrayList.forEach(ArrayList.java:1596) ~[?:?]
	at java.net.http/jdk.internal.net.http.common.SSLFlowDelegate.lambda$executeTasks$3(SSLFlowDelegate.java:1148) ~[java.net.http:?]
	at java.net.http/jdk.internal.net.http.HttpClientImpl$DelegatingExecutor.execute(HttpClientImpl.java:177) ~[java.net.http:?]
	at java.net.http/jdk.internal.net.http.common.SSLFlowDelegate.executeTasks(SSLFlowDelegate.java:1143) ~[java.net.http:?]
	at java.net.http/jdk.internal.net.http.common.SSLFlowDelegate.doHandshake(SSLFlowDelegate.java:1109) ~[java.net.http:?]
	at java.net.http/jdk.internal.net.http.common.SSLFlowDelegate$Reader.processData(SSLFlowDelegate.java:508) ~[java.net.http:?]
	at java.net.http/jdk.internal.net.http.common.SSLFlowDelegate$Reader$ReaderDownstreamPusher.run(SSLFlowDelegate.java:283) ~[java.net.http:?]
	at java.net.http/jdk.internal.net.http.common.SequentialScheduler$LockingRestartableTask.run(SequentialScheduler.java:182) ~[java.net.http:?]
	at java.net.http/jdk.internal.net.http.common.SequentialScheduler$CompleteRestartableTask.run(SequentialScheduler.java:149) ~[java.net.http:?]
	at java.net.http/jdk.internal.net.http.common.SequentialScheduler$SchedulableTask.run(SequentialScheduler.java:207) ~[java.net.http:?]
	at java.base/java.util.concurrent.ThreadPoolExecutor.runWorker(ThreadPoolExecutor.java:1144) ~[?:?]
	at java.base/java.util.concurrent.ThreadPoolExecutor$Worker.run(ThreadPoolExecutor.java:642) ~[?:?]
	at java.base/java.lang.Thread.run(Thread.java:1583) ~[?:?]
[218月2026 09:27:39.682] [NeoForge Version Check/INFO] [net.neoforged.fml.VersionChecker/]: [dynamic_fps] Starting version check at https://api.lostluma.net/updates/dynamic-fps?platform=neoforge
[218月2026 09:27:40.477] [NeoForge Version Check/INFO] [net.neoforged.fml.VersionChecker/]: [dynamic_fps] Found status: UP_TO_DATE Current: 3.11.4 Target: null
[218月2026 09:27:40.478] [NeoForge Version Check/INFO] [net.neoforged.fml.VersionChecker/]: [betterf3] Starting version check at https://api.modrinth.com/updates/betterf3/forge_updates.json
[218月2026 09:27:40.878] [NeoForge Version Check/INFO] [net.neoforged.fml.VersionChecker/]: [betterf3] Found status: UP_TO_DATE Current: 11.0.3 Target: null
[218月2026 09:28:29.726] [Render thread/INFO] [org.thinkingstudio.mafglib.helper.RuntimePackHelper/]: Starting provider [fi.dy.masa.malilib.datagen.BlockTagDataGenerator@14decb0a] for runtime resource [mafglib:runtime]
[218月2026 09:28:29.781] [Render thread/INFO] [org.thinkingstudio.mafglib.helper.RuntimePackHelper/]: fi.dy.masa.malilib.datagen.BlockTagDataGenerator@14decb0a finished after 53 ms
[218月2026 09:28:30.324] [Render thread/INFO] [com.simibubi.create.Create/]: Created 157 recipes which will be injected into the game
[218月2026 09:28:30.331] [Render thread/INFO] [com.simibubi.create.Create/]: Created 0 tags which will be injected into the game
[218月2026 09:28:32.305] [Worker-ResourceReload-3/ERROR] [net.minecraft.world.level.storage.loot.LootDataType/]: Couldn't parse element ResourceKey[minecraft:root / minecraft:loot_table]:createcasing:blocks/weathered_iron_slicer - Unknown registry key in ResourceKey[minecraft:root / minecraft:item]: createcasing:weathered_iron_slicer
[218月2026 09:28:32.311] [Worker-ResourceReload-3/ERROR] [net.minecraft.world.level.storage.loot.LootDataType/]: Couldn't parse element ResourceKey[minecraft:root / minecraft:loot_table]:create_connected:blocks/dye_depot_amber_fan_dyeing_catalyst - Unknown registry key in ResourceKey[minecraft:root / minecraft:item]: create_connected:dye_depot_amber_fan_dyeing_catalyst
[218月2026 09:28:32.369] [Worker-ResourceReload-3/ERROR] [net.minecraft.world.level.storage.loot.LootDataType/]: Couldn't parse element ResourceKey[minecraft:root / minecraft:loot_table]:create_connected:blocks/dye_depot_maroon_fan_dyeing_catalyst - Unknown registry key in ResourceKey[minecraft:root / minecraft:item]: create_connected:dye_depot_maroon_fan_dyeing_catalyst
[218月2026 09:28:32.370] [Worker-ResourceReload-3/ERROR] [net.minecraft.world.level.storage.loot.LootDataType/]: Couldn't parse element ResourceKey[minecraft:root / minecraft:loot_table]:create_connected:blocks/dye_depot_mint_fan_dyeing_catalyst - Unknown registry key in ResourceKey[minecraft:root / minecraft:item]: create_connected:dye_depot_mint_fan_dyeing_catalyst
[218月2026 09:28:32.376] [Worker-ResourceReload-3/ERROR] [net.minecraft.world.level.storage.loot.LootDataType/]: Couldn't parse element ResourceKey[minecraft:root / minecraft:loot_table]:createcasing:blocks/refined_radiance_slicer - Unknown registry key in ResourceKey[minecraft:root / minecraft:item]: createcasing:refined_radiance_slicer
[218月2026 09:28:32.392] [Worker-ResourceReload-3/ERROR] [net.minecraft.world.level.storage.loot.LootDataType/]: Couldn't parse element ResourceKey[minecraft:root / minecraft:loot_table]:create_connected:blocks/dye_depot_coral_fan_dyeing_catalyst - Unknown registry key in ResourceKey[minecraft:root / minecraft:item]: create_connected:dye_depot_coral_fan_dyeing_catalyst
[218月2026 09:28:32.447] [Worker-ResourceReload-3/ERROR] [net.minecraft.world.level.storage.loot.LootDataType/]: Couldn't parse element ResourceKey[minecraft:root / minecraft:loot_table]:create_connected:blocks/dye_depot_forest_fan_dyeing_catalyst - Unknown registry key in ResourceKey[minecraft:root / minecraft:item]: create_connected:dye_depot_forest_fan_dyeing_catalyst
[218月2026 09:28:32.456] [Worker-ResourceReload-3/ERROR] [net.minecraft.world.level.storage.loot.LootDataType/]: Couldn't parse element ResourceKey[minecraft:root / minecraft:loot_table]:create_connected:blocks/dye_depot_olive_fan_dyeing_catalyst - Unknown registry key in ResourceKey[minecraft:root / minecraft:item]: create_connected:dye_depot_olive_fan_dyeing_catalyst
[218月2026 09:28:32.493] [Worker-ResourceReload-3/ERROR] [net.minecraft.world.level.storage.loot.LootDataType/]: Couldn't parse element ResourceKey[minecraft:root / minecraft:loot_table]:create_connected:blocks/dye_depot_verdant_fan_dyeing_catalyst - Unknown registry key in ResourceKey[minecraft:root / minecraft:item]: create_connected:dye_depot_verdant_fan_dyeing_catalyst
[218月2026 09:28:32.514] [Worker-ResourceReload-3/ERROR] [net.minecraft.world.level.storage.loot.LootDataType/]: Couldn't parse element ResourceKey[minecraft:root / minecraft:loot_table]:createcasing:blocks/creative_slicer - Unknown registry key in ResourceKey[minecraft:root / minecraft:item]: createcasing:creative_slicer
[218月2026 09:28:32.522] [Worker-ResourceReload-3/ERROR] [net.minecraft.world.level.storage.loot.LootDataType/]: Couldn't parse element ResourceKey[minecraft:root / minecraft:loot_table]:createcasing:blocks/railway_slicer - Unknown registry key in ResourceKey[minecraft:root / minecraft:item]: createcasing:railway_slicer
[218月2026 09:28:32.541] [Worker-ResourceReload-3/ERROR] [net.minecraft.world.level.storage.loot.LootDataType/]: Couldn't parse element ResourceKey[minecraft:root / minecraft:loot_table]:createcasing:blocks/industrial_iron_slicer - Unknown registry key in ResourceKey[minecraft:root / minecraft:item]: createcasing:industrial_iron_slicer
[218月2026 09:28:32.564] [Worker-ResourceReload-3/ERROR] [net.minecraft.world.level.storage.loot.LootDataType/]: Couldn't parse element ResourceKey[minecraft:root / minecraft:loot_table]:create_connected:blocks/dye_depot_beige_fan_dyeing_catalyst - Unknown registry key in ResourceKey[minecraft:root / minecraft:item]: create_connected:dye_depot_beige_fan_dyeing_catalyst
[218月2026 09:28:32.591] [Worker-ResourceReload-3/ERROR] [net.minecraft.world.level.storage.loot.LootDataType/]: Couldn't parse element ResourceKey[minecraft:root / minecraft:loot_table]:createcasing:blocks/shadow_steel_slicer - Unknown registry key in ResourceKey[minecraft:root / minecraft:item]: createcasing:shadow_steel_slicer
[218月2026 09:28:32.596] [Worker-ResourceReload-3/ERROR] [net.minecraft.world.level.storage.loot.LootDataType/]: Couldn't parse element ResourceKey[minecraft:root / minecraft:loot_table]:create_connected:blocks/dye_depot_aqua_fan_dyeing_catalyst - Unknown registry key in ResourceKey[minecraft:root / minecraft:item]: create_connected:dye_depot_aqua_fan_dyeing_catalyst
[218月2026 09:28:32.611] [Worker-ResourceReload-3/ERROR] [net.minecraft.world.level.storage.loot.LootDataType/]: Couldn't parse element ResourceKey[minecraft:root / minecraft:loot_table]:createcasing:blocks/brass_slicer - Unknown registry key in ResourceKey[minecraft:root / minecraft:item]: createcasing:brass_slicer
[218月2026 09:28:32.637] [Worker-ResourceReload-3/ERROR] [net.minecraft.world.level.storage.loot.LootDataType/]: Couldn't parse element ResourceKey[minecraft:root / minecraft:loot_table]:create_connected:blocks/dye_depot_slate_fan_dyeing_catalyst - Unknown registry key in ResourceKey[minecraft:root / minecraft:item]: create_connected:dye_depot_slate_fan_dyeing_catalyst
[218月2026 09:28:32.690] [Worker-ResourceReload-3/ERROR] [net.minecraft.world.level.storage.loot.LootDataType/]: Couldn't parse element ResourceKey[minecraft:root / minecraft:loot_table]:create_connected:blocks/dye_depot_teal_fan_dyeing_catalyst - Unknown registry key in ResourceKey[minecraft:root / minecraft:item]: create_connected:dye_depot_teal_fan_dyeing_catalyst
[218月2026 09:28:32.696] [Worker-ResourceReload-3/ERROR] [net.minecraft.world.level.storage.loot.LootDataType/]: Couldn't parse element ResourceKey[minecraft:root / minecraft:loot_table]:create_connected:blocks/dye_depot_ginger_fan_dyeing_catalyst - Unknown registry key in ResourceKey[minecraft:root / minecraft:item]: create_connected:dye_depot_ginger_fan_dyeing_catalyst
[218月2026 09:28:32.771] [Worker-ResourceReload-3/ERROR] [net.minecraft.world.level.storage.loot.LootDataType/]: Couldn't parse element ResourceKey[minecraft:root / minecraft:loot_table]:create_connected:blocks/dye_depot_tan_fan_dyeing_catalyst - Unknown registry key in ResourceKey[minecraft:root / minecraft:item]: create_connected:dye_depot_tan_fan_dyeing_catalyst
[218月2026 09:28:32.780] [Worker-ResourceReload-3/ERROR] [net.minecraft.world.level.storage.loot.LootDataType/]: Couldn't parse element ResourceKey[minecraft:root / minecraft:loot_table]:create_connected:blocks/dye_depot_indigo_fan_dyeing_catalyst - Unknown registry key in ResourceKey[minecraft:root / minecraft:item]: create_connected:dye_depot_indigo_fan_dyeing_catalyst
[218月2026 09:28:32.805] [Worker-ResourceReload-3/ERROR] [net.minecraft.world.level.storage.loot.LootDataType/]: Couldn't parse element ResourceKey[minecraft:root / minecraft:loot_table]:create_connected:blocks/dye_depot_rose_fan_dyeing_catalyst - Unknown registry key in ResourceKey[minecraft:root / minecraft:item]: create_connected:dye_depot_rose_fan_dyeing_catalyst
[218月2026 09:28:32.813] [Worker-ResourceReload-3/ERROR] [net.minecraft.world.level.storage.loot.LootDataType/]: Couldn't parse element ResourceKey[minecraft:root / minecraft:loot_table]:create_connected:blocks/dye_depot_navy_fan_dyeing_catalyst - Unknown registry key in ResourceKey[minecraft:root / minecraft:item]: create_connected:dye_depot_navy_fan_dyeing_catalyst
[218月2026 09:28:32.814] [Worker-ResourceReload-3/ERROR] [net.minecraft.world.level.storage.loot.LootDataType/]: Couldn't parse element ResourceKey[minecraft:root / minecraft:loot_table]:createcasing:blocks/copper_slicer - Unknown registry key in ResourceKey[minecraft:root / minecraft:item]: createcasing:copper_slicer
[218月2026 09:28:32.833] [Worker-ResourceReload-3/ERROR] [net.minecraft.world.level.storage.loot.LootDataType/]: Couldn't parse element ResourceKey[minecraft:root / minecraft:loot_table]:createdieselgenerators:blocks/andesite_girder_strut - Unknown registry key in ResourceKey[minecraft:root / minecraft:item]: createdieselgenerators:andesite_girder_strut
[218月2026 09:28:33.716] [Worker-ResourceReload-3/WARN] [net.neoforged.neoforge.registries.DataMapLoader/]: Found data map file for non-existent data map type 'create_dragons_plus:fan_processing_catalysts/coloring' on registry 'minecraft:block'.
[218月2026 09:28:34.341] [Render thread/ERROR] [net.minecraft.world.item.crafting.RecipeManager/]: Parsing error loading recipe stonereverser:compacting/uranium_ore_from_stone: com.google.gson.JsonParseException: Failed to parse either. First: No key amount in MapLike[{"item":"createnuclear:uranium_ore","count":1}]; No key id in MapLike[{"item":"createnuclear:uranium_ore","count":1}]; Second: Failed to parse either. First: No key id in MapLike[{"item":"createnuclear:uranium_ore","count":1}]; Second: Failed to parse either. First: Not a JSON object: "createnuclear:uranium_ore"; Second: Compat cannot be deserialized
[218月2026 09:28:34.395] [Render thread/ERROR] [net.minecraft.world.item.crafting.RecipeManager/]: Parsing error loading recipe stonereverser:compacting/diamond_ore_from_deepslate: com.google.gson.JsonParseException: Failed to parse either. First: No key amount in MapLike[{"item":"minecraft:deepslate_diamond_ore","count":1}]; No key id in MapLike[{"item":"minecraft:deepslate_diamond_ore","count":1}]; Second: Failed to parse either. First: No key id in MapLike[{"item":"minecraft:deepslate_diamond_ore","count":1}]; Second: Failed to parse either. First: Not a JSON object: "minecraft:deepslate_diamond_ore"; Second: Compat cannot be deserialized
[218月2026 09:28:34.439] [Render thread/ERROR] [net.minecraft.world.item.crafting.RecipeManager/]: Parsing error loading recipe stonereverser:compacting/gold_ore_from_deepslate: com.google.gson.JsonParseException: Failed to parse either. First: No key amount in MapLike[{"item":"minecraft:deepslate_gold_ore","count":1}]; No key id in MapLike[{"item":"minecraft:deepslate_gold_ore","count":1}]; Second: Failed to parse either. First: No key id in MapLike[{"item":"minecraft:deepslate_gold_ore","count":1}]; Second: Failed to parse either. First: Not a JSON object: "minecraft:deepslate_gold_ore"; Second: Compat cannot be deserialized
[218月2026 09:28:34.467] [Render thread/ERROR] [net.minecraft.world.item.crafting.RecipeManager/]: Parsing error loading recipe stonereverser:compacting/emerald_ore_from_stone: com.google.gson.JsonParseException: Failed to parse either. First: No key amount in MapLike[{"item":"minecraft:emerald_ore","count":1}]; No key id in MapLike[{"item":"minecraft:emerald_ore","count":1}]; Second: Failed to parse either. First: No key id in MapLike[{"item":"minecraft:emerald_ore","count":1}]; Second: Failed to parse either. First: Not a JSON object: "minecraft:emerald_ore"; Second: Compat cannot be deserialized
[218月2026 09:28:34.492] [Render thread/ERROR] [net.minecraft.world.item.crafting.RecipeManager/]: Parsing error loading recipe stonereverser:compacting/gold_ore_from_stone: com.google.gson.JsonParseException: Failed to parse either. First: No key amount in MapLike[{"item":"minecraft:gold_ore","count":1}]; No key id in MapLike[{"item":"minecraft:gold_ore","count":1}]; Second: Failed to parse either. First: No key id in MapLike[{"item":"minecraft:gold_ore","count":1}]; Second: Failed to parse either. First: Not a JSON object: "minecraft:gold_ore"; Second: Compat cannot be deserialized
[218月2026 09:28:34.494] [Render thread/ERROR] [net.minecraft.world.item.crafting.RecipeManager/]: Parsing error loading recipe stonereverser:compacting/redstone_ore_from_deepslate: com.google.gson.JsonParseException: Failed to parse either. First: No key amount in MapLike[{"item":"minecraft:deepslate_redstone_ore","count":1}]; No key id in MapLike[{"item":"minecraft:deepslate_redstone_ore","count":1}]; Second: Failed to parse either. First: No key id in MapLike[{"item":"minecraft:deepslate_redstone_ore","count":1}]; Second: Failed to parse either. First: Not a JSON object: "minecraft:deepslate_redstone_ore"; Second: Compat cannot be deserialized
[218月2026 09:28:34.519] [Render thread/ERROR] [net.minecraft.world.item.crafting.RecipeManager/]: Parsing error loading recipe stonereverser:compacting/redstone_ore_from_stone: com.google.gson.JsonParseException: Failed to parse either. First: No key amount in MapLike[{"item":"minecraft:redstone_ore","count":1}]; No key id in MapLike[{"item":"minecraft:redstone_ore","count":1}]; Second: Failed to parse either. First: No key id in MapLike[{"item":"minecraft:redstone_ore","count":1}]; Second: Failed to parse either. First: Not a JSON object: "minecraft:redstone_ore"; Second: Compat cannot be deserialized
[218月2026 09:28:34.532] [Render thread/ERROR] [net.minecraft.world.item.crafting.RecipeManager/]: Parsing error loading recipe stonereverser:compacting/coal_ore_from_stone: com.google.gson.JsonParseException: Failed to parse either. First: No key amount in MapLike[{"item":"minecraft:coal_ore","count":1}]; No key id in MapLike[{"item":"minecraft:coal_ore","count":1}]; Second: Failed to parse either. First: No key id in MapLike[{"item":"minecraft:coal_ore","count":1}]; Second: Failed to parse either. First: Not a JSON object: "minecraft:coal_ore"; Second: Compat cannot be deserialized
[218月2026 09:28:34.638] [Render thread/ERROR] [net.minecraft.world.item.crafting.RecipeManager/]: Parsing error loading recipe stonereverser:compacting/zinc_ore_from_stone: com.google.gson.JsonParseException: Failed to parse either. First: No key amount in MapLike[{"item":"create:zinc_ore","count":1}]; No key id in MapLike[{"item":"create:zinc_ore","count":1}]; Second: Failed to parse either. First: No key id in MapLike[{"item":"create:zinc_ore","count":1}]; Second: Failed to parse either. First: Not a JSON object: "create:zinc_ore"; Second: Compat cannot be deserialized
[218月2026 09:28:34.638] [Render thread/ERROR] [net.minecraft.world.item.crafting.RecipeManager/]: Parsing error loading recipe stonereverser:compacting/lead_ore_from_deepslate: com.google.gson.JsonParseException: Failed to parse either. First: No key amount in MapLike[{"item":"createnuclear:deepslate_lead_ore","count":1}]; No key id in MapLike[{"item":"createnuclear:deepslate_lead_ore","count":1}]; Second: Failed to parse either. First: No key id in MapLike[{"item":"createnuclear:deepslate_lead_ore","count":1}]; Second: Failed to parse either. First: Not a JSON object: "createnuclear:deepslate_lead_ore"; Second: Compat cannot be deserialized
[218月2026 09:28:34.644] [Render thread/ERROR] [net.minecraft.world.item.crafting.RecipeManager/]: Parsing error loading recipe stonereverser:compacting/lapis_ore_from_stone: com.google.gson.JsonParseException: Failed to parse either. First: No key amount in MapLike[{"item":"minecraft:lapis_ore","count":1}]; No key id in MapLike[{"item":"minecraft:lapis_ore","count":1}]; Second: Failed to parse either. First: No key id in MapLike[{"item":"minecraft:lapis_ore","count":1}]; Second: Failed to parse either. First: Not a JSON object: "minecraft:lapis_ore"; Second: Compat cannot be deserialized
[218月2026 09:28:34.654] [Render thread/ERROR] [net.minecraft.world.item.crafting.RecipeManager/]: Parsing error loading recipe stonereverser:compacting/diamond_ore_from_stone: com.google.gson.JsonParseException: Failed to parse either. First: No key amount in MapLike[{"item":"minecraft:diamond_ore","count":1}]; No key id in MapLike[{"item":"minecraft:diamond_ore","count":1}]; Second: Failed to parse either. First: No key id in MapLike[{"item":"minecraft:diamond_ore","count":1}]; Second: Failed to parse either. First: Not a JSON object: "minecraft:diamond_ore"; Second: Compat cannot be deserialized
[218月2026 09:28:34.674] [Render thread/ERROR] [net.minecraft.world.item.crafting.RecipeManager/]: Parsing error loading recipe stonereverser:compacting/coal_ore_from_deepslate: com.google.gson.JsonParseException: Failed to parse either. First: No key amount in MapLike[{"item":"minecraft:deepslate_coal_ore","count":1}]; No key id in MapLike[{"item":"minecraft:deepslate_coal_ore","count":1}]; Second: Failed to parse either. First: No key id in MapLike[{"item":"minecraft:deepslate_coal_ore","count":1}]; Second: Failed to parse either. First: Not a JSON object: "minecraft:deepslate_coal_ore"; Second: Compat cannot be deserialized
[218月2026 09:28:34.675] [Render thread/ERROR] [net.minecraft.world.item.crafting.RecipeManager/]: Parsing error loading recipe stonereverser:compacting/iron_ore_from_stone: com.google.gson.JsonParseException: Failed to parse either. First: No key amount in MapLike[{"item":"minecraft:iron_ore","count":1}]; No key id in MapLike[{"item":"minecraft:iron_ore","count":1}]; Second: Failed to parse either. First: No key id in MapLike[{"item":"minecraft:iron_ore","count":1}]; Second: Failed to parse either. First: Not a JSON object: "minecraft:iron_ore"; Second: Compat cannot be deserialized
[218月2026 09:28:34.728] [Render thread/ERROR] [net.minecraft.world.item.crafting.RecipeManager/]: Parsing error loading recipe stonereverser:compacting/copper_ore_from_deepslate: com.google.gson.JsonParseException: Failed to parse either. First: No key amount in MapLike[{"item":"minecraft:deepslate_copper_ore","count":1}]; No key id in MapLike[{"item":"minecraft:deepslate_copper_ore","count":1}]; Second: Failed to parse either. First: No key id in MapLike[{"item":"minecraft:deepslate_copper_ore","count":1}]; Second: Failed to parse either. First: Not a JSON object: "minecraft:deepslate_copper_ore"; Second: Compat cannot be deserialized
[218月2026 09:28:34.733] [Render thread/ERROR] [net.minecraft.world.item.crafting.RecipeManager/]: Parsing error loading recipe stonereverser:compacting/uranium_ore_from_deepslate: com.google.gson.JsonParseException: Failed to parse either. First: No key amount in MapLike[{"item":"createnuclear:deepslate_uranium_ore","count":1}]; No key id in MapLike[{"item":"createnuclear:deepslate_uranium_ore","count":1}]; Second: Failed to parse either. First: No key id in MapLike[{"item":"createnuclear:deepslate_uranium_ore","count":1}]; Second: Failed to parse either. First: Not a JSON object: "createnuclear:deepslate_uranium_ore"; Second: Compat cannot be deserialized
[218月2026 09:28:34.743] [Render thread/ERROR] [net.minecraft.world.item.crafting.RecipeManager/]: Parsing error loading recipe stonereverser:compacting/zinc_ore_from_deepslate: com.google.gson.JsonParseException: Failed to parse either. First: No key amount in MapLike[{"item":"create:deepslate_zinc_ore","count":1}]; No key id in MapLike[{"item":"create:deepslate_zinc_ore","count":1}]; Second: Failed to parse either. First: No key id in MapLike[{"item":"create:deepslate_zinc_ore","count":1}]; Second: Failed to parse either. First: Not a JSON object: "create:deepslate_zinc_ore"; Second: Compat cannot be deserialized
[218月2026 09:28:34.753] [Render thread/ERROR] [net.minecraft.world.item.crafting.RecipeManager/]: Parsing error loading recipe stonereverser:compacting/nether_quartz_ore_from_netherrack: com.google.gson.JsonParseException: Failed to parse either. First: No key amount in MapLike[{"item":"minecraft:nether_quartz_ore","count":1}]; No key id in MapLike[{"item":"minecraft:nether_quartz_ore","count":1}]; Second: Failed to parse either. First: No key id in MapLike[{"item":"minecraft:nether_quartz_ore","count":1}]; Second: Failed to parse either. First: Not a JSON object: "minecraft:nether_quartz_ore"; Second: Compat cannot be deserialized
[218月2026 09:28:34.794] [Render thread/ERROR] [net.minecraft.world.item.crafting.RecipeManager/]: Parsing error loading recipe stonereverser:compacting/copper_ore_from_stone: com.google.gson.JsonParseException: Failed to parse either. First: No key amount in MapLike[{"item":"minecraft:copper_ore","count":1}]; No key id in MapLike[{"item":"minecraft:copper_ore","count":1}]; Second: Failed to parse either. First: No key id in MapLike[{"item":"minecraft:copper_ore","count":1}]; Second: Failed to parse either. First: Not a JSON object: "minecraft:copper_ore"; Second: Compat cannot be deserialized
[218月2026 09:28:34.802] [Render thread/ERROR] [net.minecraft.world.item.crafting.RecipeManager/]: Parsing error loading recipe stonereverser:compacting/lapis_ore_from_deepslate: com.google.gson.JsonParseException: Failed to parse either. First: No key amount in MapLike[{"item":"minecraft:deepslate_lapis_ore","count":1}]; No key id in MapLike[{"item":"minecraft:deepslate_lapis_ore","count":1}]; Second: Failed to parse either. First: No key id in MapLike[{"item":"minecraft:deepslate_lapis_ore","count":1}]; Second: Failed to parse either. First: Not a JSON object: "minecraft:deepslate_lapis_ore"; Second: Compat cannot be deserialized
[218月2026 09:28:34.822] [Render thread/ERROR] [net.minecraft.world.item.crafting.RecipeManager/]: Parsing error loading recipe stonereverser:compacting/lead_ore_from_stone: com.google.gson.JsonParseException: Failed to parse either. First: No key amount in MapLike[{"item":"createnuclear:lead_ore","count":1}]; No key id in MapLike[{"item":"createnuclear:lead_ore","count":1}]; Second: Failed to parse either. First: No key id in MapLike[{"item":"createnuclear:lead_ore","count":1}]; Second: Failed to parse either. First: Not a JSON object: "createnuclear:lead_ore"; Second: Compat cannot be deserialized
[218月2026 09:28:34.823] [Render thread/ERROR] [net.minecraft.world.item.crafting.RecipeManager/]: Parsing error loading recipe stonereverser:compacting/iron_ore_from_deepslate: com.google.gson.JsonParseException: Failed to parse either. First: No key amount in MapLike[{"item":"minecraft:deepslate_iron_ore","count":1}]; No key id in MapLike[{"item":"minecraft:deepslate_iron_ore","count":1}]; Second: Failed to parse either. First: No key id in MapLike[{"item":"minecraft:deepslate_iron_ore","count":1}]; Second: Failed to parse either. First: Not a JSON object: "minecraft:deepslate_iron_ore"; Second: Compat cannot be deserialized
[218月2026 09:28:34.849] [Render thread/ERROR] [net.minecraft.world.item.crafting.RecipeManager/]: Parsing error loading recipe stonereverser:compacting/emerald_ore_from_deepslate: com.google.gson.JsonParseException: Failed to parse either. First: No key amount in MapLike[{"item":"minecraft:deepslate_emerald_ore","count":1}]; No key id in MapLike[{"item":"minecraft:deepslate_emerald_ore","count":1}]; Second: Failed to parse either. First: No key id in MapLike[{"item":"minecraft:deepslate_emerald_ore","count":1}]; Second: Failed to parse either. First: Not a JSON object: "minecraft:deepslate_emerald_ore"; Second: Compat cannot be deserialized
[218月2026 09:28:34.854] [Render thread/INFO] [net.minecraft.world.item.crafting.RecipeManager/]: Loaded 3700 recipes
[218月2026 09:28:35.615] [Render thread/INFO] [net.minecraft.advancements.AdvancementTree/]: Loaded 3173 advancements
[218月2026 09:28:35.646] [Render thread/INFO] [Curios API/]: Loaded 10 curio slots
[218月2026 09:28:35.651] [Render thread/INFO] [Curios API/]: Loaded 1 curio entities
[218月2026 09:28:36.260] [Render thread/WARN] [ModernFix/]: Initial datapack load took 5.897 s
[218月2026 09:28:37.552] [Server thread/INFO] [net.minecraft.client.server.IntegratedServer/]: Starting integrated minecraft server version 1.21.1
[218月2026 09:28:37.553] [Server thread/INFO] [net.minecraft.server.MinecraftServer/]: Generating keypair
[218月2026 09:28:37.757] [Server thread/INFO] [Puzzles Lib/]: Dispatching loading event for config pickupnotifier\pickupnotifier-server.toml
[218月2026 09:28:37.763] [Server thread/INFO] [com.tom.createores.CreateOreExcavation/]: Loaded Create Ore Excavation config file createoreexcavation-server.toml
[218月2026 09:28:38.028] [Server thread/INFO] [spark/]: Starting background profiler...
[218月2026 09:28:38.071] [Server thread/INFO] [spark/]: The async-profiler engine is not supported for your os/arch (windows10/amd64), so the built-in Java engine will be used instead.
[218月2026 09:28:40.125] [Server thread/INFO] [net.minecraft.server.MinecraftServer/]: Preparing start region for dimension minecraft:overworld
[218月2026 09:28:40.134] [Server thread/WARN] [mixin/]: Method overwrite conflict for removeIf in modernfix-modernfix.mixins.json:bugfix.paper_chunk_patches.SortedArraySetMixin from mod modernfix, previously written by net.caffeinemc.mods.lithium.mixin.collections.chunk_tickets.SortedArraySetMixin. Skipping method.
[218月2026 09:28:41.154] [Render thread/INFO] [net.minecraft.server.level.progress.LoggerChunkProgressListener/]: 准备生成区域中：0%
[218月2026 09:28:41.164] [Render thread/INFO] [net.minecraft.server.level.progress.LoggerChunkProgressListener/]: 准备生成区域中：0%
[218月2026 09:28:41.220] [Render thread/INFO] [net.minecraft.server.level.progress.LoggerChunkProgressListener/]: 准备生成区域中：0%
[218月2026 09:28:41.648] [Server thread/INFO] [net.neoforged.neoforge.server.permission.PermissionAPI/]: Successfully initialized permission handler neoforge:default_handler
[218月2026 09:28:41.694] [Render thread/INFO] [net.minecraft.server.level.progress.LoggerChunkProgressListener/]: Time elapsed: 1512 ms
[218月2026 09:28:42.106] [Server thread/INFO] [net.minecraft.client.server.IntegratedServer/]: Changing view distance to 12, from 10
[218月2026 09:28:42.106] [Server thread/INFO] [net.minecraft.client.server.IntegratedServer/]: Changing simulation distance to 12, from 0
[218月2026 09:28:42.957] [Render thread/INFO] [org.thinkingstudio.mafglib.helper.RuntimePackHelper/]: Starting provider [fi.dy.masa.malilib.datagen.BlockTagDataGenerator@61725d0b] for runtime resource [mafglib:runtime]
[218月2026 09:28:42.969] [Render thread/INFO] [org.thinkingstudio.mafglib.helper.RuntimePackHelper/]: fi.dy.masa.malilib.datagen.BlockTagDataGenerator@61725d0b finished after 11 ms
[218月2026 09:28:43.206] [Render thread/INFO] [com.simibubi.create.Create/]: Created 157 recipes which will be injected into the game
[218月2026 09:28:43.221] [Render thread/INFO] [com.simibubi.create.Create/]: Created 0 tags which will be injected into the game
[218月2026 09:28:44.521] [Server thread/INFO] [net.minecraft.server.players.PlayerList/]: ke1_bi3[local:E:630f9e6f] logged in with entity id 10 at (-184.68444767709096, 72.0, 549.3696833946212)
[218月2026 09:28:44.649] [Render thread/INFO] [xaero.map.WorldMap/]: Fullscreen map required item set to nothing.
[218月2026 09:28:44.680] [Render thread/INFO] [xaero.map.WorldMap/]: New world map session initialized!
[218月2026 09:28:44.827] [Render thread/INFO] [xaero.hud.minimap.MinimapLogs/]: Minimap required item set to nothing.
[218月2026 09:28:44.827] [Render thread/INFO] [xaero.hud.minimap.MinimapLogs/]: New Xaero hud session initialized!
[218月2026 09:28:45.356] [Server thread/INFO] [net.minecraft.server.MinecraftServer/]: ke1_bi3加入了游戏
[218月2026 09:28:45.384] [Render thread/INFO] [Inventory Profiles Next/]: [Inventory Profiles Next] Loaded 0 external GUI hints
[218月2026 09:28:45.384] [Render thread/INFO] [Inventory Profiles Next/]: [Inventory Profiles Next] Loaded 803 build-in GUI hints
[218月2026 09:28:45.386] [Render thread/INFO] [Inventory Profiles Next/]: [Inventory Profiles Next] Effective GUI hints after merge: 803
[218月2026 09:28:45.530] [Render thread/INFO] [Iris/]: Reloading pipeline on dimension change: minecraft:overworld => minecraft:overworld
[218月2026 09:28:45.532] [Render thread/INFO] [Iris/]: Destroying pipeline minecraft:overworld
[218月2026 09:28:45.532] [Render thread/INFO] [Iris/]: Creating pipeline for dimension minecraft:overworld
[218月2026 09:28:45.835] [Render thread/INFO] [ChunkBuilder/]: Started 1 worker threads
[218月2026 09:28:46.369] [Render thread/INFO] [ShulkerBoxTooltip/]: [ShulkerBoxTooltip] Server integration enabled, attempting handshake...
[218月2026 09:28:46.381] [Render thread/INFO] [flywheel/]: Started 1 worker threads
[218月2026 09:28:46.540] [Render thread/INFO] [mezz.jei.common.util.LoggedTimer/]: Starting JEI...
[218月2026 09:28:46.544] [Render thread/INFO] [mezz.jei.library.load.PluginCaller/]: Configuring JEI...
[218月2026 09:28:46.547] [Render thread/INFO] [mezz.jei.library.load.PluginCaller/]: Configuring JEI took 2.456 milliseconds
[218月2026 09:28:46.592] [Render thread/INFO] [mezz.jei.library.load.PluginCaller/]: Registering item subtypes...
[218月2026 09:28:46.631] [Render thread/INFO] [mezz.jei.library.load.PluginCallerTimerRunnable/]: Registering item subtypes: jei:minecraft took 36.73 milliseconds
[218月2026 09:28:46.643] [Render thread/INFO] [mezz.jei.library.load.PluginCaller/]: Registering item subtypes took 49.94 milliseconds
[218月2026 09:28:46.644] [Render thread/INFO] [mezz.jei.library.load.PluginCaller/]: Registering fluid subtypes...
[218月2026 09:28:46.646] [Render thread/ERROR] [mezz.jei.library.load.registration.SubtypeRegistration/]: An interpreter is already registered for this: create:potion
java.lang.IllegalArgumentException: null
	at TRANSFORMER/jei@19.44.0.403/mezz.jei.library.load.registration.SubtypeRegistration.registerSubtypeInterpreter(SubtypeRegistration.java:26) ~[%5BJEI物品管理器%5D%20jei-1.21.1-neoforge-19.44.0.403.jar%23261!/:19.44.0.403]
	at TRANSFORMER/create@6.0.10/com.simibubi.create.compat.jei.CreateJEI.registerFluidSubtypes(CreateJEI.java:364) ~[%5B机械动力%5D%20create-1.21.1-6.0.10.jar%23279!/:6.0.10]
	at TRANSFORMER/jei@19.44.0.403/mezz.jei.library.load.PluginLoader.lambda$registerSubtypes$1(PluginLoader.java:81) ~[%5BJEI物品管理器%5D%20jei-1.21.1-neoforge-19.44.0.403.jar%23261!/:19.44.0.403]
	at TRANSFORMER/jei@19.44.0.403/mezz.jei.library.load.PluginCaller.callOnPlugins(PluginCaller.java:26) ~[%5BJEI物品管理器%5D%20jei-1.21.1-neoforge-19.44.0.403.jar%23261!/:19.44.0.403]
	at TRANSFORMER/jei@19.44.0.403/mezz.jei.library.load.PluginLoader.registerSubtypes(PluginLoader.java:80) ~[%5BJEI物品管理器%5D%20jei-1.21.1-neoforge-19.44.0.403.jar%23261!/:19.44.0.403]
	at TRANSFORMER/jei@19.44.0.403/mezz.jei.library.startup.JeiStarter.start(JeiStarter.java:144) ~[%5BJEI物品管理器%5D%20jei-1.21.1-neoforge-19.44.0.403.jar%23261!/:19.44.0.403]
	at TRANSFORMER/jei@19.44.0.403/mezz.jei.neoforge.startup.StartEventObserver.transitionState(StartEventObserver.java:200) ~[%5BJEI物品管理器%5D%20jei-1.21.1-neoforge-19.44.0.403.jar%23261!/:19.44.0.403]
	at TRANSFORMER/jei@19.44.0.403/mezz.jei.neoforge.startup.StartEventObserver.startIfReady(StartEventObserver.java:112) ~[%5BJEI物品管理器%5D%20jei-1.21.1-neoforge-19.44.0.403.jar%23261!/:19.44.0.403]
	at TRANSFORMER/jei@19.44.0.403/mezz.jei.neoforge.startup.StartEventObserver.onRecipesUpdatedEvent(StartEventObserver.java:101) ~[%5BJEI物品管理器%5D%20jei-1.21.1-neoforge-19.44.0.403.jar%23261!/:19.44.0.403]
	at MC-BOOTSTRAP/net.neoforged.bus/net.neoforged.bus.ConsumerEventHandler.invoke(ConsumerEventHandler.java:27) ~[bus-8.0.5.jar%23164!/:?]
	at MC-BOOTSTRAP/net.neoforged.bus/net.neoforged.bus.EventBus.post(EventBus.java:360) ~[bus-8.0.5.jar%23164!/:?]
	at MC-BOOTSTRAP/net.neoforged.bus/net.neoforged.bus.EventBus.post(EventBus.java:328) ~[bus-8.0.5.jar%23164!/:?]
	at TRANSFORMER/neoforge@21.1.248/net.neoforged.neoforge.client.ClientHooks.onRecipesUpdated(ClientHooks.java:664) ~[neoforge-21.1.248-universal.jar%23255!/:?]
	at TRANSFORMER/minecraft@1.21.1/net.minecraft.client.multiplayer.ClientPacketListener.handleUpdateRecipes(ClientPacketListener.java:1506) ~[client-1.21.1-20240808.144430-srg.jar%23254!/:?]
	at TRANSFORMER/minecraft@1.21.1/net.minecraft.network.protocol.game.ClientboundUpdateRecipesPacket.handle(ClientboundUpdateRecipesPacket.java:32) ~[client-1.21.1-20240808.144430-srg.jar%23254!/:?]
	at TRANSFORMER/minecraft@1.21.1/net.minecraft.network.protocol.game.ClientboundUpdateRecipesPacket.handle(ClientboundUpdateRecipesPacket.java:13) ~[client-1.21.1-20240808.144430-srg.jar%23254!/:?]
	at TRANSFORMER/minecraft@1.21.1/net.minecraft.network.protocol.PacketUtils.lambda$ensureRunningOnSameThread$0(PacketUtils.java:27) ~[client-1.21.1-20240808.144430-srg.jar%23254!/:?]
	at TRANSFORMER/minecraft@1.21.1/net.minecraft.util.thread.BlockableEventLoop.doRunTask(BlockableEventLoop.java:148) ~[client-1.21.1-20240808.144430-srg.jar%23254!/:?]
	at TRANSFORMER/minecraft@1.21.1/net.minecraft.util.thread.ReentrantBlockableEventLoop.doRunTask(ReentrantBlockableEventLoop.java:23) ~[client-1.21.1-20240808.144430-srg.jar%23254!/:?]
	at TRANSFORMER/minecraft@1.21.1/net.minecraft.util.thread.BlockableEventLoop.pollTask(BlockableEventLoop.java:122) ~[client-1.21.1-20240808.144430-srg.jar%23254!/:?]
	at TRANSFORMER/minecraft@1.21.1/net.minecraft.util.thread.BlockableEventLoop.runAllTasks(BlockableEventLoop.java:111) ~[client-1.21.1-20240808.144430-srg.jar%23254!/:?]
	at TRANSFORMER/minecraft@1.21.1/net.minecraft.client.Minecraft.runTick(Minecraft.java:1155) ~[client-1.21.1-20240808.144430-srg.jar%23254!/:?]
	at TRANSFORMER/minecraft@1.21.1/net.minecraft.client.Minecraft.run(Minecraft.java:807) ~[client-1.21.1-20240808.144430-srg.jar%23254!/:?]
	at TRANSFORMER/minecraft@1.21.1/net.minecraft.client.main.Main.main(Main.java:230) ~[client-1.21.1-20240808.144430-srg.jar%23254!/:?]
	at java.base/jdk.internal.reflect.DirectMethodHandleAccessor.invoke(DirectMethodHandleAccessor.java:103) ~[?:?]
	at java.base/java.lang.reflect.Method.invoke(Method.java:580) ~[?:?]
	at MC-BOOTSTRAP/fml_loader@4.0.43/net.neoforged.fml.loading.targets.CommonLaunchHandler.runTarget(CommonLaunchHandler.java:136) ~[loader-4.0.43.jar%23161!/:4.0]
	at MC-BOOTSTRAP/fml_loader@4.0.43/net.neoforged.fml.loading.targets.CommonLaunchHandler.clientService(CommonLaunchHandler.java:124) ~[loader-4.0.43.jar%23161!/:4.0]
	at MC-BOOTSTRAP/fml_loader@4.0.43/net.neoforged.fml.loading.targets.CommonClientLaunchHandler.runService(CommonClientLaunchHandler.java:32) ~[loader-4.0.43.jar%23161!/:4.0]
	at MC-BOOTSTRAP/fml_loader@4.0.43/net.neoforged.fml.loading.targets.CommonLaunchHandler.lambda$launchService$4(CommonLaunchHandler.java:118) ~[loader-4.0.43.jar%23161!/:4.0]
	at MC-BOOTSTRAP/cpw.mods.modlauncher@11.0.5/cpw.mods.modlauncher.LaunchServiceHandlerDecorator.launch(LaunchServiceHandlerDecorator.java:30) [modlauncher-11.0.5.jar%23166!/:?]
	at MC-BOOTSTRAP/cpw.mods.modlauncher@11.0.5/cpw.mods.modlauncher.LaunchServiceHandler.launch(LaunchServiceHandler.java:53) [modlauncher-11.0.5.jar%23166!/:?]
	at MC-BOOTSTRAP/cpw.mods.modlauncher@11.0.5/cpw.mods.modlauncher.LaunchServiceHandler.launch(LaunchServiceHandler.java:71) [modlauncher-11.0.5.jar%23166!/:?]
	at MC-BOOTSTRAP/cpw.mods.modlauncher@11.0.5/cpw.mods.modlauncher.Launcher.run(Launcher.java:103) [modlauncher-11.0.5.jar%23166!/:?]
	at MC-BOOTSTRAP/cpw.mods.modlauncher@11.0.5/cpw.mods.modlauncher.Launcher.main(Launcher.java:74) [modlauncher-11.0.5.jar%23166!/:?]
	at MC-BOOTSTRAP/cpw.mods.modlauncher@11.0.5/cpw.mods.modlauncher.BootstrapLaunchConsumer.accept(BootstrapLaunchConsumer.java:26) [modlauncher-11.0.5.jar%23166!/:?]
	at MC-BOOTSTRAP/cpw.mods.modlauncher@11.0.5/cpw.mods.modlauncher.BootstrapLaunchConsumer.accept(BootstrapLaunchConsumer.java:23) [modlauncher-11.0.5.jar%23166!/:?]
	at cpw.mods.bootstraplauncher@2.0.2/cpw.mods.bootstraplauncher.BootstrapLauncher.run(BootstrapLauncher.java:210) [bootstraplauncher-2.0.2.jar:?]
	at cpw.mods.bootstraplauncher@2.0.2/cpw.mods.bootstraplauncher.BootstrapLauncher.main(BootstrapLauncher.java:69) [bootstraplauncher-2.0.2.jar:?]
[218月2026 09:28:46.653] [Render thread/ERROR] [mezz.jei.library.load.registration.SubtypeRegistration/]: An interpreter is already registered for this: create:flowing_potion
java.lang.IllegalArgumentException: null
	at TRANSFORMER/jei@19.44.0.403/mezz.jei.library.load.registration.SubtypeRegistration.registerSubtypeInterpreter(SubtypeRegistration.java:26) ~[%5BJEI物品管理器%5D%20jei-1.21.1-neoforge-19.44.0.403.jar%23261!/:19.44.0.403]
	at TRANSFORMER/create@6.0.10/com.simibubi.create.compat.jei.CreateJEI.registerFluidSubtypes(CreateJEI.java:365) ~[%5B机械动力%5D%20create-1.21.1-6.0.10.jar%23279!/:6.0.10]
	at TRANSFORMER/jei@19.44.0.403/mezz.jei.library.load.PluginLoader.lambda$registerSubtypes$1(PluginLoader.java:81) ~[%5BJEI物品管理器%5D%20jei-1.21.1-neoforge-19.44.0.403.jar%23261!/:19.44.0.403]
	at TRANSFORMER/jei@19.44.0.403/mezz.jei.library.load.PluginCaller.callOnPlugins(PluginCaller.java:26) ~[%5BJEI物品管理器%5D%20jei-1.21.1-neoforge-19.44.0.403.jar%23261!/:19.44.0.403]
	at TRANSFORMER/jei@19.44.0.403/mezz.jei.library.load.PluginLoader.registerSubtypes(PluginLoader.java:80) ~[%5BJEI物品管理器%5D%20jei-1.21.1-neoforge-19.44.0.403.jar%23261!/:19.44.0.403]
	at TRANSFORMER/jei@19.44.0.403/mezz.jei.library.startup.JeiStarter.start(JeiStarter.java:144) ~[%5BJEI物品管理器%5D%20jei-1.21.1-neoforge-19.44.0.403.jar%23261!/:19.44.0.403]
	at TRANSFORMER/jei@19.44.0.403/mezz.jei.neoforge.startup.StartEventObserver.transitionState(StartEventObserver.java:200) ~[%5BJEI物品管理器%5D%20jei-1.21.1-neoforge-19.44.0.403.jar%23261!/:19.44.0.403]
	at TRANSFORMER/jei@19.44.0.403/mezz.jei.neoforge.startup.StartEventObserver.startIfReady(StartEventObserver.java:112) ~[%5BJEI物品管理器%5D%20jei-1.21.1-neoforge-19.44.0.403.jar%23261!/:19.44.0.403]
	at TRANSFORMER/jei@19.44.0.403/mezz.jei.neoforge.startup.StartEventObserver.onRecipesUpdatedEvent(StartEventObserver.java:101) ~[%5BJEI物品管理器%5D%20jei-1.21.1-neoforge-19.44.0.403.jar%23261!/:19.44.0.403]
	at MC-BOOTSTRAP/net.neoforged.bus/net.neoforged.bus.ConsumerEventHandler.invoke(ConsumerEventHandler.java:27) ~[bus-8.0.5.jar%23164!/:?]
	at MC-BOOTSTRAP/net.neoforged.bus/net.neoforged.bus.EventBus.post(EventBus.java:360) ~[bus-8.0.5.jar%23164!/:?]
	at MC-BOOTSTRAP/net.neoforged.bus/net.neoforged.bus.EventBus.post(EventBus.java:328) ~[bus-8.0.5.jar%23164!/:?]
	at TRANSFORMER/neoforge@21.1.248/net.neoforged.neoforge.client.ClientHooks.onRecipesUpdated(ClientHooks.java:664) ~[neoforge-21.1.248-universal.jar%23255!/:?]
	at TRANSFORMER/minecraft@1.21.1/net.minecraft.client.multiplayer.ClientPacketListener.handleUpdateRecipes(ClientPacketListener.java:1506) ~[client-1.21.1-20240808.144430-srg.jar%23254!/:?]
	at TRANSFORMER/minecraft@1.21.1/net.minecraft.network.protocol.game.ClientboundUpdateRecipesPacket.handle(ClientboundUpdateRecipesPacket.java:32) ~[client-1.21.1-20240808.144430-srg.jar%23254!/:?]
	at TRANSFORMER/minecraft@1.21.1/net.minecraft.network.protocol.game.ClientboundUpdateRecipesPacket.handle(ClientboundUpdateRecipesPacket.java:13) ~[client-1.21.1-20240808.144430-srg.jar%23254!/:?]
	at TRANSFORMER/minecraft@1.21.1/net.minecraft.network.protocol.PacketUtils.lambda$ensureRunningOnSameThread$0(PacketUtils.java:27) ~[client-1.21.1-20240808.144430-srg.jar%23254!/:?]
	at TRANSFORMER/minecraft@1.21.1/net.minecraft.util.thread.BlockableEventLoop.doRunTask(BlockableEventLoop.java:148) ~[client-1.21.1-20240808.144430-srg.jar%23254!/:?]
	at TRANSFORMER/minecraft@1.21.1/net.minecraft.util.thread.ReentrantBlockableEventLoop.doRunTask(ReentrantBlockableEventLoop.java:23) ~[client-1.21.1-20240808.144430-srg.jar%23254!/:?]
	at TRANSFORMER/minecraft@1.21.1/net.minecraft.util.thread.BlockableEventLoop.pollTask(BlockableEventLoop.java:122) ~[client-1.21.1-20240808.144430-srg.jar%23254!/:?]
	at TRANSFORMER/minecraft@1.21.1/net.minecraft.util.thread.BlockableEventLoop.runAllTasks(BlockableEventLoop.java:111) ~[client-1.21.1-20240808.144430-srg.jar%23254!/:?]
	at TRANSFORMER/minecraft@1.21.1/net.minecraft.client.Minecraft.runTick(Minecraft.java:1155) ~[client-1.21.1-20240808.144430-srg.jar%23254!/:?]
	at TRANSFORMER/minecraft@1.21.1/net.minecraft.client.Minecraft.run(Minecraft.java:807) ~[client-1.21.1-20240808.144430-srg.jar%23254!/:?]
	at TRANSFORMER/minecraft@1.21.1/net.minecraft.client.main.Main.main(Main.java:230) ~[client-1.21.1-20240808.144430-srg.jar%23254!/:?]
	at java.base/jdk.internal.reflect.DirectMethodHandleAccessor.invoke(DirectMethodHandleAccessor.java:103) ~[?:?]
	at java.base/java.lang.reflect.Method.invoke(Method.java:580) ~[?:?]
	at MC-BOOTSTRAP/fml_loader@4.0.43/net.neoforged.fml.loading.targets.CommonLaunchHandler.runTarget(CommonLaunchHandler.java:136) ~[loader-4.0.43.jar%23161!/:4.0]
	at MC-BOOTSTRAP/fml_loader@4.0.43/net.neoforged.fml.loading.targets.CommonLaunchHandler.clientService(CommonLaunchHandler.java:124) ~[loader-4.0.43.jar%23161!/:4.0]
	at MC-BOOTSTRAP/fml_loader@4.0.43/net.neoforged.fml.loading.targets.CommonClientLaunchHandler.runService(CommonClientLaunchHandler.java:32) ~[loader-4.0.43.jar%23161!/:4.0]
	at MC-BOOTSTRAP/fml_loader@4.0.43/net.neoforged.fml.loading.targets.CommonLaunchHandler.lambda$launchService$4(CommonLaunchHandler.java:118) ~[loader-4.0.43.jar%23161!/:4.0]
	at MC-BOOTSTRAP/cpw.mods.modlauncher@11.0.5/cpw.mods.modlauncher.LaunchServiceHandlerDecorator.launch(LaunchServiceHandlerDecorator.java:30) [modlauncher-11.0.5.jar%23166!/:?]
	at MC-BOOTSTRAP/cpw.mods.modlauncher@11.0.5/cpw.mods.modlauncher.LaunchServiceHandler.launch(LaunchServiceHandler.java:53) [modlauncher-11.0.5.jar%23166!/:?]
	at MC-BOOTSTRAP/cpw.mods.modlauncher@11.0.5/cpw.mods.modlauncher.LaunchServiceHandler.launch(LaunchServiceHandler.java:71) [modlauncher-11.0.5.jar%23166!/:?]
	at MC-BOOTSTRAP/cpw.mods.modlauncher@11.0.5/cpw.mods.modlauncher.Launcher.run(Launcher.java:103) [modlauncher-11.0.5.jar%23166!/:?]
	at MC-BOOTSTRAP/cpw.mods.modlauncher@11.0.5/cpw.mods.modlauncher.Launcher.main(Launcher.java:74) [modlauncher-11.0.5.jar%23166!/:?]
	at MC-BOOTSTRAP/cpw.mods.modlauncher@11.0.5/cpw.mods.modlauncher.BootstrapLaunchConsumer.accept(BootstrapLaunchConsumer.java:26) [modlauncher-11.0.5.jar%23166!/:?]
	at MC-BOOTSTRAP/cpw.mods.modlauncher@11.0.5/cpw.mods.modlauncher.BootstrapLaunchConsumer.accept(BootstrapLaunchConsumer.java:23) [modlauncher-11.0.5.jar%23166!/:?]
	at cpw.mods.bootstraplauncher@2.0.2/cpw.mods.bootstraplauncher.BootstrapLauncher.run(BootstrapLauncher.java:210) [bootstraplauncher-2.0.2.jar:?]
	at cpw.mods.bootstraplauncher@2.0.2/cpw.mods.bootstraplauncher.BootstrapLauncher.main(BootstrapLauncher.java:69) [bootstraplauncher-2.0.2.jar:?]
[218月2026 09:28:46.658] [Render thread/INFO] [mezz.jei.library.load.PluginCallerTimerRunnable/]: Registering fluid subtypes: create:jei_plugin took 12.09 milliseconds
[218月2026 09:28:46.658] [Render thread/INFO] [mezz.jei.library.load.PluginCaller/]: Registering fluid subtypes took 14.45 milliseconds
[218月2026 09:28:46.663] [Render thread/INFO] [mezz.jei.library.load.PluginCaller/]: Registering ingredients...
[218月2026 09:28:46.698] [Server thread/WARN] [net.minecraft.server.MinecraftServer/]: Can't keep up! Is the server overloaded? Running 2448ms or 48 ticks behind
[218月2026 09:28:46.707] [Server thread/INFO] [ShulkerBoxTooltip/]: [ShulkerBoxTooltip] ke1_bi3: protocol version: 2.0
[218月2026 09:28:46.751] [Server thread/INFO] [ShulkerBoxTooltip Plugins/]: [ShulkerBoxTooltip Plugins] Loading 2 plugins: enderitemod, shulkerboxtooltip
[218月2026 09:28:46.773] [Server thread/INFO] [ShulkerBoxTooltip Plugins/]: [ShulkerBoxTooltip Plugins] Registered 1 provider for mod enderitemod
[218月2026 09:28:46.797] [Server thread/INFO] [ShulkerBoxTooltip Plugins/]: [ShulkerBoxTooltip Plugins] Registered 31 providers for mod shulkerboxtooltip
[218月2026 09:28:47.092] [Render thread/WARN] [mezz.jei.library.plugins.vanilla.ingredients.ItemStackListFactory/]: Item Group has no display items and no search tab display items. Items from this group will be missing from the JEI ingredient list. FTB套件
[218月2026 09:28:47.152] [Render thread/INFO] [mezz.jei.library.load.PluginCallerTimerRunnable/]: Registering ingredients: jei:minecraft took 488.0 milliseconds
[218月2026 09:28:47.157] [Render thread/INFO] [mezz.jei.library.load.PluginCaller/]: Registering ingredients took 493.9 milliseconds
[218月2026 09:28:47.158] [Render thread/INFO] [mezz.jei.library.load.PluginCaller/]: Registering extra ingredients...
[218月2026 09:28:47.258] [Render thread/INFO] [mezz.jei.library.load.PluginCallerTimerRunnable/]: Registering extra ingredients: createnuclear:jei_plugin took 99.69 milliseconds
[218月2026 09:28:47.264] [Render thread/INFO] [mezz.jei.library.load.PluginCaller/]: Registering extra ingredients took 105.7 milliseconds
[218月2026 09:28:47.264] [Render thread/INFO] [mezz.jei.library.load.PluginCaller/]: Registering search ingredient aliases...
[218月2026 09:28:47.265] [Render thread/INFO] [mezz.jei.library.load.PluginCaller/]: Registering search ingredient aliases took 767.9 microseconds
[218月2026 09:28:47.372] [Render thread/INFO] [mezz.jei.library.load.PluginCaller/]: Registering Mod Info...
[218月2026 09:28:47.373] [Render thread/INFO] [mezz.jei.library.load.PluginCaller/]: Registering Mod Info took 665.0 microseconds
[218月2026 09:28:48.118] [Render thread/INFO] [mezz.jei.library.load.PluginCaller/]: Registering advanced search...
[218月2026 09:28:48.134] [Render thread/INFO] [jecharacters/]: Registering JEI pinyin search storage
[218月2026 09:28:48.137] [Render thread/INFO] [mezz.jei.library.load.registration.AdvancedSearchRegistration/]: Replaced search storage factory: me.towdium.jecharacters.JechJeiPlugin$$Lambda/0x000000080270baf8@42d4823e
[218月2026 09:28:48.139] [Render thread/INFO] [mezz.jei.library.load.PluginCaller/]: Registering advanced search took 20.13 milliseconds
[218月2026 09:28:48.141] [Render thread/INFO] [mezz.jei.library.load.PluginCaller/]: Registering categories...
[218月2026 09:28:48.187] [Render thread/INFO] [mezz.jei.library.load.PluginCallerTimerRunnable/]: Registering categories: jei:minecraft took 44.68 milliseconds
[218月2026 09:28:48.203] [Render thread/INFO] [mezz.jei.library.load.PluginCallerTimerRunnable/]: Registering categories: createnuclear:jei_plugin took 15.92 milliseconds
[218月2026 09:28:48.232] [Render thread/INFO] [mezz.jei.library.load.PluginCallerTimerRunnable/]: Registering categories: createdieselgenerators:jei_plugin took 28.28 milliseconds
[218月2026 09:28:48.307] [Render thread/INFO] [mezz.jei.library.load.PluginCallerTimerRunnable/]: Registering categories: create:jei_plugin took 67.93 milliseconds
[218月2026 09:28:48.310] [Render thread/INFO] [mezz.jei.library.load.PluginCaller/]: Registering categories took 168.4 milliseconds
[218月2026 09:28:48.311] [Render thread/INFO] [mezz.jei.library.load.PluginCaller/]: Registering vanilla category extensions...
[218月2026 09:28:48.350] [Render thread/INFO] [mezz.jei.library.load.PluginCallerTimerRunnable/]: Registering vanilla category extensions: jei:minecraft took 37.86 milliseconds
[218月2026 09:28:48.434] [Render thread/INFO] [mezz.jei.library.load.PluginCallerTimerRunnable/]: Registering vanilla category extensions: sophisticatedbackpacks:default took 84.24 milliseconds
[218月2026 09:28:48.435] [Render thread/INFO] [mezz.jei.library.load.PluginCaller/]: Registering vanilla category extensions took 123.3 milliseconds
[218月2026 09:28:48.436] [Render thread/INFO] [mezz.jei.library.load.PluginCaller/]: Registering recipe catalysts...
[218月2026 09:28:48.451] [Render thread/INFO] [mezz.jei.library.load.PluginCallerTimerRunnable/]: Registering recipe catalysts: create:jei_plugin took 11.84 milliseconds
[218月2026 09:28:48.452] [Render thread/INFO] [mezz.jei.library.load.PluginCaller/]: Registering recipe catalysts took 15.48 milliseconds
[218月2026 09:28:48.453] [Render thread/INFO] [mezz.jei.common.util.LoggedTimer/]: Building recipe registry...
[218月2026 09:28:48.476] [Render thread/INFO] [mezz.jei.common.util.LoggedTimer/]: Building recipe registry took 23.33 milliseconds
[218月2026 09:28:48.480] [Render thread/INFO] [mezz.jei.library.load.PluginCaller/]: Registering advanced plugins...
[218月2026 09:28:48.485] [Render thread/INFO] [mezz.jei.library.load.registration.AdvancedRegistration/]: Added typed recipe manager plugin: class net.p3pp3rf1y.sophisticatedcore.compat.recipeviewers.jei.GroupedCraftingRecipeManagerPlugin
[218月2026 09:28:48.488] [Render thread/INFO] [mezz.jei.library.load.registration.AdvancedRegistration/]: Added typed recipe manager plugin: class net.p3pp3rf1y.sophisticatedcore.compat.recipeviewers.jei.CraftingDisplayCatalogRecipeManagerPlugin
[218月2026 09:28:48.490] [Render thread/INFO] [mezz.jei.library.load.registration.AdvancedRegistration/]: Added typed recipe manager plugin: class net.p3pp3rf1y.sophisticatedcore.compat.recipeviewers.jei.SmithingSpecRecipeManagerPlugin
[218月2026 09:28:48.490] [Render thread/INFO] [mezz.jei.library.load.PluginCaller/]: Registering advanced plugins took 7.483 milliseconds
[218月2026 09:28:48.491] [Render thread/INFO] [mezz.jei.library.load.PluginCaller/]: Registering recipes...
[218月2026 09:28:49.415] [Render thread/INFO] [mezz.jei.library.load.PluginCallerTimerRunnable/]: Registering recipes: jei:minecraft took 922.8 milliseconds
[218月2026 09:28:49.431] [Render thread/INFO] [mezz.jei.library.ingredients.IngredientManager/]: Ingredients are being removed at runtime: 1 net.minecraft.world.item.ItemStack
[218月2026 09:28:49.748] [Render thread/INFO] [mezz.jei.library.load.PluginCallerTimerRunnable/]: Registering recipes: create:jei_plugin took 298.9 milliseconds
[218月2026 09:28:49.749] [Render thread/INFO] [mezz.jei.library.ingredients.IngredientManager/]: Ingredients are being removed at runtime: 465 net.minecraft.world.item.ItemStack
[218月2026 09:28:49.752] [Render thread/INFO] [mezz.jei.library.load.PluginCaller/]: Registering recipes took 1.260 seconds
[218月2026 09:28:49.778] [Render thread/INFO] [mezz.jei.library.load.PluginCaller/]: Registering recipes transfer handlers...
[218月2026 09:28:49.916] [Render thread/INFO] [mezz.jei.library.load.PluginCallerTimerRunnable/]: Registering recipes transfer handlers: jei:minecraft took 136.9 milliseconds
[218月2026 09:28:49.939] [Render thread/INFO] [mezz.jei.library.load.PluginCallerTimerRunnable/]: Registering recipes transfer handlers: sophisticatedbackpacks:default took 16.11 milliseconds
[218月2026 09:28:49.941] [Render thread/INFO] [mezz.jei.library.load.PluginCaller/]: Registering recipes transfer handlers took 162.1 milliseconds
[218月2026 09:28:49.944] [Render thread/INFO] [mezz.jei.common.util.LoggedTimer/]: Building runtime...
[218月2026 09:28:49.951] [Render thread/INFO] [mezz.jei.library.load.PluginCaller/]: Registering gui handlers...
[218月2026 09:28:49.974] [Render thread/INFO] [mezz.jei.library.load.PluginCaller/]: Registering gui handlers took 23.09 milliseconds
[218月2026 09:28:49.984] [Render thread/INFO] [mezz.jei.library.load.PluginCaller/]: Registering Runtime...
[218月2026 09:28:49.988] [Render thread/INFO] [mezz.jei.gui.startup.JeiGuiStarter/]: Starting JEI GUI
[218月2026 09:28:49.989] [Render thread/INFO] [mezz.jei.common.util.LoggedTimer/]: Building ingredient list...
[218月2026 09:28:50.060] [Render thread/INFO] [mezz.jei.common.util.LoggedTimer/]: Building ingredient list took 71.61 milliseconds
[218月2026 09:28:50.061] [Render thread/INFO] [mezz.jei.common.util.LoggedTimer/]: Building ingredient filter...
[218月2026 09:28:52.211] [Render thread/INFO] [mezz.jei.gui.ingredients.IngredientFilter/]: Adding 3149 ingredients
[218月2026 09:28:52.230] [Render thread/INFO] [mezz.jei.gui.ingredients.IngredientFilter/]: Added 3149 ingredients
[218月2026 09:28:52.231] [Render thread/INFO] [mezz.jei.common.util.LoggedTimer/]: Building ingredient filter took 2.171 seconds
[218月2026 09:28:52.499] [Render thread/INFO] [mezz.jei.library.load.PluginCallerTimerRunnable/]: Registering Runtime: jei:neoforge_gui took 2.514 seconds
[218月2026 09:28:52.499] [Render thread/INFO] [mezz.jei.library.load.PluginCaller/]: Registering Runtime took 2.515 seconds
[218月2026 09:28:52.500] [Render thread/INFO] [mezz.jei.common.util.LoggedTimer/]: Building runtime took 2.556 seconds
[218月2026 09:28:52.500] [Render thread/INFO] [mezz.jei.library.load.PluginCaller/]: Sending Runtime...
[218月2026 09:28:52.502] [Render thread/INFO] [mezz.jei.library.load.PluginCaller/]: Sending Runtime took 1.059 milliseconds
[218月2026 09:28:52.502] [Render thread/INFO] [mezz.jei.common.util.LoggedTimer/]: Starting JEI took 5.961 seconds
[218月2026 09:28:52.579] [Render thread/INFO] [xaero.hud.minimap.MinimapLogs/]: Minimap updated server level id: -328361943 for world ResourceKey[minecraft:dimension / minecraft:overworld]
[218月2026 09:28:52.585] [Render thread/INFO] [FTB Library/]: received server config settings for config: ftbultimine-server
[218月2026 09:28:52.613] [Render thread/INFO] [ShulkerBoxTooltip Plugins/]: [ShulkerBoxTooltip Plugins] Registered 1 color key for mod enderitemod
[218月2026 09:28:52.613] [Render thread/INFO] [ShulkerBoxTooltip Plugins/]: [ShulkerBoxTooltip Plugins] Registered 20 color keys for mod shulkerboxtooltip
[218月2026 09:28:52.622] [Render thread/INFO] [snownee.jade.Jade/]: Received config from the server: 
[218月2026 09:28:52.625] [Render thread/INFO] [ShulkerBoxTooltip/]: [ShulkerBoxTooltip] Handshake succeeded
[218月2026 09:28:52.625] [Render thread/INFO] [ShulkerBoxTooltip/]: [ShulkerBoxTooltip] Server protocol version: 2.0
[218月2026 09:28:52.630] [Render thread/INFO] [mezz.jei.library.ingredients.IngredientManager/]: Ingredients are being removed at runtime: 27 net.minecraft.world.item.ItemStack
[218月2026 09:28:52.631] [Render thread/INFO] [mezz.jei.library.ingredients.IngredientManager/]: Ingredients are being removed at runtime: 18 net.minecraft.world.item.ItemStack
[218月2026 09:28:52.631] [Render thread/INFO] [mezz.jei.library.ingredients.IngredientManager/]: Ingredients are being added at runtime: 27 net.minecraft.world.item.ItemStack
[218月2026 09:28:52.637] [Render thread/INFO] [mezz.jei.library.ingredients.IngredientManager/]: Ingredients are being added at runtime: 18 net.minecraft.world.item.ItemStack
[218月2026 09:28:52.638] [Render thread/INFO] [mezz.jei.library.ingredients.IngredientManager/]: Ingredients are being removed at runtime: 27 net.minecraft.world.item.ItemStack
[218月2026 09:28:52.638] [Render thread/INFO] [mezz.jei.library.ingredients.IngredientManager/]: Ingredients are being removed at runtime: 18 net.minecraft.world.item.ItemStack
[218月2026 09:28:52.639] [Render thread/INFO] [mezz.jei.library.ingredients.IngredientManager/]: Ingredients are being added at runtime: 27 net.minecraft.world.item.ItemStack
[218月2026 09:28:52.640] [Render thread/INFO] [mezz.jei.library.ingredients.IngredientManager/]: Ingredients are being added at runtime: 18 net.minecraft.world.item.ItemStack
[218月2026 09:28:52.999] [Server thread/INFO] [STDOUT/]: [net.caffeinemc.mods.lithium.common.block.TrackedBlockStatePredicate:<clinit>:13]: Lithium Cached BlockState Flags are disabled!
[218月2026 09:28:53.284] [Render thread/INFO] [xaero.hud.minimap.MinimapLogs/]: Reloading radar icon resources...
[218月2026 09:28:53.319] [Render thread/INFO] [xaero.hud.minimap.MinimapLogs/]: Reloaded radar icon resources!
[218月2026 09:28:53.405] [Render thread/INFO] [net.minecraft.advancements.AdvancementTree/]: Loaded 377 advancements
[218月2026 09:28:55.230] [Render thread/WARN] [ModernFix/]: Time from main menu to in-game was 18.93962 seconds
[218月2026 09:28:55.230] [Render thread/WARN] [ModernFix/]: Total time to load game and open world was 98.13462 seconds
[218月2026 09:28:56.802] [Server thread/INFO] [com.simibubi.create.Create/]: RecipeTrie of depth 3 with 124 nodes built with 137 variants, 122 ingredients, and 125 recipes
[218月2026 09:28:56.839] [Server thread/INFO] [net.minecraft.client.server.IntegratedServer/]: Saving and pausing game...
[218月2026 09:28:56.972] [Server thread/INFO] [net.minecraft.server.MinecraftServer/]: Saving chunks for level 'ServerLevel[新的世界]'/minecraft:overworld
[218月2026 09:28:57.119] [Server thread/INFO] [net.minecraft.server.MinecraftServer/]: Saving chunks for level 'ServerLevel[新的世界]'/minecraft:the_nether
[218月2026 09:28:57.120] [Server thread/INFO] [net.minecraft.server.MinecraftServer/]: Saving chunks for level 'ServerLevel[新的世界]'/minecraft:the_end
[218月2026 09:29:25.451] [Server thread/WARN] [net.minecraft.server.MinecraftServer/]: Can't keep up! Is the server overloaded? Running 10251ms or 205 ticks behind
[218月2026 09:29:52.749] [Server thread/INFO] [net.minecraft.client.server.IntegratedServer/]: Saving and pausing game...
[218月2026 09:29:53.379] [Server thread/INFO] [net.minecraft.server.MinecraftServer/]: Saving chunks for level 'ServerLevel[新的世界]'/minecraft:overworld
[218月2026 09:29:53.617] [Render thread/WARN] [malilib/]: 文件删除失败
  'C:\Desktop\.minecraft\versions\1145141\config\tweakeroo\新的世界.json'
[218月2026 09:29:53.619] [Render thread/INFO] [xaero.map.WorldMap/]: Finalizing world map session...
[218月2026 09:29:53.670] [Thread-7/INFO] [xaero.map.WorldMap/]: World map cleaned normally!
[218月2026 09:29:53.741] [Render thread/INFO] [xaero.map.WorldMap/]: World map session finalized.
[218月2026 09:29:53.743] [Render thread/INFO] [xaero.hud.minimap.MinimapLogs/]: Xaero hud session finalized.
[218月2026 09:29:53.749] [Render thread/INFO] [mezz.jei.library.startup.JeiStarter/]: Stopping JEI
[218月2026 09:29:53.750] [Render thread/INFO] [mezz.jei.library.load.PluginCaller/]: Sending Runtime Unavailable...
[218月2026 09:29:53.752] [Render thread/INFO] [mezz.jei.neoforge.plugins.neoforge.NeoForgeGuiPlugin/]: Stopping JEI GUI
[218月2026 09:29:53.755] [Render thread/INFO] [mezz.jei.library.load.PluginCaller/]: Sending Runtime Unavailable took 4.049 milliseconds
[218月2026 09:29:53.969] [Server thread/INFO] [net.minecraft.server.MinecraftServer/]: Saving chunks for level 'ServerLevel[新的世界]'/minecraft:the_nether
[218月2026 09:29:53.971] [Server thread/INFO] [net.minecraft.server.MinecraftServer/]: Saving chunks for level 'ServerLevel[新的世界]'/minecraft:the_end
[218月2026 09:29:54.385] [Server thread/INFO] [net.minecraft.server.network.ServerGamePacketListenerImpl/]: ke1_bi3 lost connection: 连接中断
[218月2026 09:29:54.385] [Server thread/INFO] [net.minecraft.server.MinecraftServer/]: ke1_bi3退出了游戏
[218月2026 09:29:54.472] [Server thread/INFO] [net.minecraft.server.network.ServerCommonPacketListenerImpl/]: Stopping singleplayer server as player logged out
[218月2026 09:29:54.903] [Server thread/INFO] [net.minecraft.server.MinecraftServer/]: Stopping server
[218月2026 09:29:54.904] [Server thread/INFO] [net.minecraft.server.MinecraftServer/]: Saving players
[218月2026 09:29:54.904] [Server thread/INFO] [net.minecraft.server.MinecraftServer/]: Saving worlds
[218月2026 09:29:55.556] [CullThread/INFO] [STDOUT/]: [dev.tr7zw.entityculling.CullTask:run:89]: Shutting down culling task!
[218月2026 09:29:57.659] [Server thread/INFO] [net.minecraft.server.MinecraftServer/]: Saving chunks for level 'ServerLevel[新的世界]'/minecraft:overworld
[218月2026 09:29:58.036] [Server thread/INFO] [net.minecraft.server.MinecraftServer/]: Saving chunks for level 'ServerLevel[新的世界]'/minecraft:the_nether
[218月2026 09:29:58.043] [Server thread/INFO] [net.minecraft.server.MinecraftServer/]: Saving chunks for level 'ServerLevel[新的世界]'/minecraft:the_end
[218月2026 09:29:58.182] [Server thread/INFO] [net.minecraft.server.MinecraftServer/]: ThreadedAnvilChunkStorage (新的世界): All chunks are saved
[218月2026 09:29:58.182] [Server thread/INFO] [net.minecraft.server.MinecraftServer/]: ThreadedAnvilChunkStorage (DIM-1): All chunks are saved
[218月2026 09:29:58.190] [Server thread/INFO] [net.minecraft.server.MinecraftServer/]: ThreadedAnvilChunkStorage (DIM1): All chunks are saved
[218月2026 09:29:58.192] [Server thread/INFO] [net.minecraft.server.MinecraftServer/]: ThreadedAnvilChunkStorage: All dimensions are saved
[218月2026 09:29:58.324] [Server thread/INFO] [Puzzles Lib/]: Dispatching unloading event for config pickupnotifier\pickupnotifier-server.toml
[218月2026 09:29:58.348] [Render thread/INFO] [ChunkBuilder/]: Stopping worker threads
[218月2026 09:29:58.571] [Render thread/INFO] [net.minecraft.client.Minecraft/]: Stopping!
